Event Index,UTC Timestamp,UTC Date,Local Timestamp,Local Timezone,Local Date,Experiment ID,Experiment Version,Tree Node Key,Repeat Key,Schedule ID,Participant Public ID,Participant Private ID,Participant Starting Group,Participant Status,Participant Completion Code,Participant External Session ID,Participant Device Type,Participant Device,Participant OS,Participant Browser,Participant Monitor Size,Participant Viewport Size,Checkpoint,Task Name,Task Version,randomiser-uhe4,randomiser-r7fb,checkpoint-mnac,branch-hilv,randomiser-hr2x,checkpoint-cks2,checkpoint-d6jh,randomiser-hr9o,checkpoint-jk6r,randomiser-8myq,checkpoint-lpef,checkpoint-8p6q,randomiser-fslx,randomiser-1ls2,checkpoint-j7fq,checkpoint-n8cs,randomiser-z5ou,randomiser-kdpl,Randomise questionnaire elements?,Question Key,Response
1,1601377337943,29/09/2020 11:02:17,1601377337910,1,29/09/2020 12:02:17,10169,131,questionnaire-vwz9,,6998766,5e234e6d06121f5eceaba7f1,2021063,,complete,,5f73134049ad1d037aa17958,computer,Desktop or Laptop,Windows 10,Edge 85.0.564.63,1280x720,1280x610,Test_Checkpoint,F-1. Distractor__Ins,13,,study_6_grey,Consent Given,Consented,Experiment3__Greyscale,,Test_Checkpoint,,,,,C_Checkpoint_Grey,,Grey_RFG,,,,,No,BEGIN QUESTIONNAIRE,
2,1601377357843,29/09/2020 11:02:37,1601377357710,1,29/09/2020 12:02:37,10169,131,questionnaire-vwz9,,6998766,5e234e6d06121f5eceaba7f1,2021063,,complete,,5f73134049ad1d037aa17958,computer,Desktop or Laptop,Windows 10,Edge 85.0.564.63,1280x720,1263x610,Test_Checkpoint,F-1. Distractor__Ins,13,,study_6_grey,Consent Given,Consented,Experiment3__Greyscale,,Test_Checkpoint,,,,,C_Checkpoint_Grey,,Grey_RFG,,,,,No,END QUESTIONNAIRE,19801
1,1601377367422,29/09/2020 11:02:47,1601377368458,1,29/09/2020 12:02:48,10169,131,questionnaire-vwz9,,6998778,5e6ea8b7445f70000c5c4f0a,2021071,,complete,,5f731353e8352d037459758d,computer,Desktop or Laptop,Windows 10,Firefox 80.0,1536x864,1536x750,Test_Checkpoint,F-1. Distractor__Ins,13,,study_3_grey,Consent Given,Consented,Experiment3__Greyscale,,Test_Checkpoint,,,,,C_Checkpoint_Grey,,Grey_RFBG,,,,,No,BEGIN QUESTIONNAIRE,
2,1601377383127,29/09/2020 11:03:03,1601377384197,1,29/09/2020 12:03:04,10169,131,questionnaire-vwz9,,6998778,5e6ea8b7445f70000c5c4f0a,2021071,,complete,,5f731353e8352d037459758d,computer,Desktop or Laptop,Windows 10,Firefox 80.0,1536x864,1519x750,Test_Checkpoint,F-1. Distractor__Ins,13,,study_3_grey,Consent Given,Consented,Experiment3__Greyscale,,Test_Checkpoint,,,,,C_Checkpoint_Grey,,Grey_RFBG,,,,,No,END QUESTIONNAIRE,15739
1,1601377402581,29/09/2020 11:03:22,1601377401387,1,29/09/2020 12:03:21,10169,131,questionnaire-vwz9,,6998798,5e3caa100ee0a20a09e1da1e,2021078,,complete,,5f73134057c8d103252b04ab,computer,Desktop or Laptop,Windows 10,Chrome 85.0.4183.121,1366x768,1366x625,Test_Checkpoint,F-1. Distractor__Ins,13,,study_6_grey,Consent Given,Consented,Experiment3__Greyscale,,Test_Checkpoint,,,,,C_Checkpoint_Grey,,Grey_RFG,,,,,No,BEGIN QUESTIONNAIRE,
2,1601377419305,29/09/2020 11:03:39,1601377418078,1,29/09/2020 12:03:38,10169,131,questionnaire-vwz9,,6998798,5e3caa100ee0a20a09e1da1e,2021078,,complete,,5f73134057c8d103252b04ab,computer,Desktop or Laptop,Windows 10,Chrome 85.0.4183.121,1366x768,1349x625,Test_Checkpoint,F-1. Distractor__Ins,13,,study_6_grey,Consent Given,Consented,Experiment3__Greyscale,,Test_Checkpoint,,,,,C_Checkpoint_Grey,,Grey_RFG,,,,,No,END QUESTIONNAIRE,16692
1,1601377418523,29/09/2020 11:03:38,1601377420182,1,29/09/2020 12:03:40,10169,131,questionnaire-vwz9,,6998802,5f709c84b22a0066f404f56f,2021074,,complete,,5f73134c43378e04301db2ae,computer,Desktop or Laptop,Windows 10,Chrome 85.0.4183.121,1536x864,1536x754,Test_Checkpoint,F-1. Distractor__Ins,13,,study_6_grey,Consent Given,Consented,Experiment3__Greyscale,,Test_Checkpoint,,,,,C_Checkpoint_Grey,,Grey_RFBG,,,,,No,BEGIN QUESTIONNAIRE,
2,1601377435539,29/09/2020 11:03:55,1601377437230,1,29/09/2020 12:03:57,10169,131,questionnaire-vwz9,,6998802,5f709c84b22a0066f404f56f,2021074,,complete,,5f73134c43378e04301db2ae,computer,Desktop or Laptop,Windows 10,Chrome 85.0.4183.121,1536x864,1519x754,Test_Checkpoint,F-1. Distractor__Ins,13,,study_6_grey,Consent Given,Consented,Experiment3__Greyscale,,Test_Checkpoint,,,,,C_Checkpoint_Grey,,Grey_RFBG,,,,,No,END QUESTIONNAIRE,17049
1,1601377427662,29/09/2020 11:03:47,1601377427580,1,29/09/2020 12:03:47,10169,131,questionnaire-vwz9,,6998807,5e5ca57efdb87e46b455873e,2021066,,complete,,5f731345c8f2bb040e3e6378,computer,Desktop or Laptop,Windows 10,Chrome 85.0.4183.121,1536x864,1536x722,Test_Checkpoint,F-1. Distractor__Ins,13,,study_3_grey,Consent Given,Consented,Experiment3__Greyscale,,Test_Checkpoint,,,,,C_Checkpoint_Grey,,Grey_RFBG,,,,,No,BEGIN QUESTIONNAIRE,
2,1601377433262,29/09/2020 11:03:53,1601377433243,1,29/09/2020 12:03:53,10169,131,questionnaire-vwz9,,6998807,5e5ca57efdb87e46b455873e,2021066,,complete,,5f731345c8f2bb040e3e6378,computer,Desktop or Laptop,Windows 10,Chrome 85.0.4183.121,1536x864,1519x722,Test_Checkpoint,F-1. Distractor__Ins,13,,study_3_grey,Consent Given,Consented,Experiment3__Greyscale,,Test_Checkpoint,,,,,C_Checkpoint_Grey,,Grey_RFBG,,,,,No,END QUESTIONNAIRE,5664
1,1601467441308,30/09/2020 12:04:01,1601467441159,1,30/09/2020 13:04:01,10169,131,questionnaire-vwz9,,7016294,5f6bc9bc3c5b79139c01bf8c,2028970,,complete,,5f7473740f86730008e837ca,computer,Desktop or Laptop,Mac OS 10.15.6,Chrome 85.0.4183.121,1440x900,1440x699,Test_Checkpoint,F-1. Distractor__Ins,13,,study_6_grey,Consent Given,Consented,Experiment3__Greyscale,,Test_Checkpoint,,,,,C_Checkpoint_Grey,,Grey_RFBG,,,,,No,BEGIN QUESTIONNAIRE,
2,1601467452487,30/09/2020 12:04:12,1601467452394,1,30/09/2020 13:04:12,10169,131,questionnaire-vwz9,,7016294,5f6bc9bc3c5b79139c01bf8c,2028970,,complete,,5f7473740f86730008e837ca,computer,Desktop or Laptop,Mac OS 10.15.6,Chrome 85.0.4183.121,1440x900,1440x699,Test_Checkpoint,F-1. Distractor__Ins,13,,study_6_grey,Consent Given,Consented,Experiment3__Greyscale,,Test_Checkpoint,,,,,C_Checkpoint_Grey,,Grey_RFBG,,,,,No,END QUESTIONNAIRE,11235
1,1601467499126,30/09/2020 12:04:59,1601467499088,1,30/09/2020 13:04:59,10169,131,questionnaire-vwz9,,7016330,5a69d77a56585a0001633482,2028966,,complete,,5f74736b0584ae01bfd11d67,computer,Desktop or Laptop,Windows 10,Chrome 85.0.4183.121,1600x900,1600x757,Test_Checkpoint,F-1. Distractor__Ins,13,,study_3_grey,Consent Given,Consented,Experiment3__Greyscale,,Test_Checkpoint,,,,,C_Checkpoint_Grey,,Grey_RFBG,,,,,No,BEGIN QUESTIONNAIRE,
2,1601467519785,30/09/2020 12:05:19,1601467519778,1,30/09/2020 13:05:19,10169,131,questionnaire-vwz9,,7016330,5a69d77a56585a0001633482,2028966,,complete,,5f74736b0584ae01bfd11d67,computer,Desktop or Laptop,Windows 10,Chrome 85.0.4183.121,1600x900,1583x757,Test_Checkpoint,F-1. Distractor__Ins,13,,study_3_grey,Consent Given,Consented,Experiment3__Greyscale,,Test_Checkpoint,,,,,C_Checkpoint_Grey,,Grey_RFBG,,,,,No,END QUESTIONNAIRE,20690
1,1601467500704,30/09/2020 12:05:00,1601467497001,1,30/09/2020 13:04:57,10169,131,questionnaire-vwz9,,7016333,5afbf02302b1b5000103e313,2028956,,complete,,5f74735ddc69c6015acb5e34,computer,Desktop or Laptop,Windows 7,Chrome 85.0.4183.121,1920x1080,1920x969,Test_Checkpoint,F-1. Distractor__Ins,13,,study_3_grey,Consent Given,Consented,Experiment3__Greyscale,,Test_Checkpoint,,,,,C_Checkpoint_Grey,,Grey_RFG,,,,,No,BEGIN QUESTIONNAIRE,
2,1601467512071,30/09/2020 12:05:12,1601467508408,1,30/09/2020 13:05:08,10169,131,questionnaire-vwz9,,7016333,5afbf02302b1b5000103e313,2028956,,complete,,5f74735ddc69c6015acb5e34,computer,Desktop or Laptop,Windows 7,Chrome 85.0.4183.121,1920x1080,1903x969,Test_Checkpoint,F-1. Distractor__Ins,13,,study_3_grey,Consent Given,Consented,Experiment3__Greyscale,,Test_Checkpoint,,,,,C_Checkpoint_Grey,,Grey_RFG,,,,,No,END QUESTIONNAIRE,11407
1,1601467532097,30/09/2020 12:05:32,1601467531269,1,30/09/2020 13:05:31,10169,131,questionnaire-vwz9,,7016357,5d920df12b679a00182bbc73,2028973,,complete,,5f747382c1eb870166e8ab56,computer,Desktop or Laptop,Windows 10,Firefox 81.0,1536x864,1536x722,Test_Checkpoint,F-1. Distractor__Ins,13,,study_3_grey,Consent Given,Consented,Experiment3__Greyscale,,Test_Checkpoint,,,,,C_Checkpoint_Grey,,Grey_RFG,,,,,No,BEGIN QUESTIONNAIRE,
2,1601467544062,30/09/2020 12:05:44,1601467543264,1,30/09/2020 13:05:43,10169,131,questionnaire-vwz9,,7016357,5d920df12b679a00182bbc73,2028973,,complete,,5f747382c1eb870166e8ab56,computer,Desktop or Laptop,Windows 10,Firefox 81.0,1536x864,1519x722,Test_Checkpoint,F-1. Distractor__Ins,13,,study_3_grey,Consent Given,Consented,Experiment3__Greyscale,,Test_Checkpoint,,,,,C_Checkpoint_Grey,,Grey_RFG,,,,,No,END QUESTIONNAIRE,11996
1,1601467573480,30/09/2020 12:06:13,1601467573308,1,30/09/2020 13:06:13,10169,131,questionnaire-vwz9,,7016395,5f3d7f20ca5fd8141eb9bf97,2028972,,complete,,5f747373e9dbc50112e2e1a2,computer,Desktop or Laptop,Windows 10,Chrome 85.0.4183.121,1920x1080,1920x937,Test_Checkpoint,F-1. Distractor__Ins,13,,study_3_grey,Consent Given,Consented,Experiment3__Greyscale,,Test_Checkpoint,,,,,C_Checkpoint_Grey,,Grey_RFG,,,,,No,BEGIN QUESTIONNAIRE,
2,1601467579671,30/09/2020 12:06:19,1601467579602,1,30/09/2020 13:06:19,10169,131,questionnaire-vwz9,,7016395,5f3d7f20ca5fd8141eb9bf97,2028972,,complete,,5f747373e9dbc50112e2e1a2,computer,Desktop or Laptop,Windows 10,Chrome 85.0.4183.121,1920x1080,1903x937,Test_Checkpoint,F-1. Distractor__Ins,13,,study_3_grey,Consent Given,Consented,Experiment3__Greyscale,,Test_Checkpoint,,,,,C_Checkpoint_Grey,,Grey_RFG,,,,,No,END QUESTIONNAIRE,6294
1,1601467579310,30/09/2020 12:06:19,1601467581537,1,30/09/2020 13:06:21,10169,131,questionnaire-vwz9,,7016399,5e22e7bbd727e957d3337b47,2028964,,complete,,5f74736432763600083da15c,computer,Desktop or Laptop,Windows 10,Chrome 85.0.4183.121,1920x1080,1920x969,Test_Checkpoint,F-1. Distractor__Ins,13,,study_6_grey,Consent Given,Consented,Experiment3__Greyscale,,Test_Checkpoint,,,,,C_Checkpoint_Grey,,Grey_RFBG,,,,,No,BEGIN QUESTIONNAIRE,
2,1601467597315,30/09/2020 12:06:37,1601467599570,1,30/09/2020 13:06:39,10169,131,questionnaire-vwz9,,7016399,5e22e7bbd727e957d3337b47,2028964,,complete,,5f74736432763600083da15c,computer,Desktop or Laptop,Windows 10,Chrome 85.0.4183.121,1920x1080,1903x969,Test_Checkpoint,F-1. Distractor__Ins,13,,study_6_grey,Consent Given,Consented,Experiment3__Greyscale,,Test_Checkpoint,,,,,C_Checkpoint_Grey,,Grey_RFBG,,,,,No,END QUESTIONNAIRE,18033
1,1601467652524,30/09/2020 12:07:32,1601467651561,1,30/09/2020 13:07:31,10169,131,questionnaire-vwz9,,7016441,5ef8bf948a48ac03adaad640,2028981,,complete,,5f74736d7d5b8f01b6185f13,computer,Desktop or Laptop,Chromium OS 13310.91.0,Chrome 85.0.4183.131,1536x864,1536x738,Test_Checkpoint,F-1. Distractor__Ins,13,,study_6_grey,Consent Given,Consented,Experiment3__Greyscale,,Test_Checkpoint,,,,,C_Checkpoint_Grey,,Grey_RFG,,,,,No,BEGIN QUESTIONNAIRE,
2,1601467668127,30/09/2020 12:07:48,1601467667073,1,30/09/2020 13:07:47,10169,131,questionnaire-vwz9,,7016441,5ef8bf948a48ac03adaad640,2028981,,complete,,5f74736d7d5b8f01b6185f13,computer,Desktop or Laptop,Chromium OS 13310.91.0,Chrome 85.0.4183.131,1536x864,1536x738,Test_Checkpoint,F-1. Distractor__Ins,13,,study_6_grey,Consent Given,Consented,Experiment3__Greyscale,,Test_Checkpoint,,,,,C_Checkpoint_Grey,,Grey_RFG,,,,,No,END QUESTIONNAIRE,15512
1,1601467657961,30/09/2020 12:07:37,1601467658276,1,30/09/2020 13:07:38,10169,131,questionnaire-vwz9,,7016444,5ece74091d05ea23ad3e37ab,2028965,,complete,,5f747367b20f4e01bf5fd67a,computer,Desktop or Laptop,Windows 10,Firefox 81.0,1536x864,1536x750,Test_Checkpoint,F-1. Distractor__Ins,13,,study_6_grey,Consent Given,Consented,Experiment3__Greyscale,,Test_Checkpoint,,,,,C_Checkpoint_Grey,,Grey_RFBG,,,,,No,BEGIN QUESTIONNAIRE,
2,1601467674059,30/09/2020 12:07:54,1601467674393,1,30/09/2020 13:07:54,10169,131,questionnaire-vwz9,,7016444,5ece74091d05ea23ad3e37ab,2028965,,complete,,5f747367b20f4e01bf5fd67a,computer,Desktop or Laptop,Windows 10,Firefox 81.0,1536x864,1519x750,Test_Checkpoint,F-1. Distractor__Ins,13,,study_6_grey,Consent Given,Consented,Experiment3__Greyscale,,Test_Checkpoint,,,,,C_Checkpoint_Grey,,Grey_RFBG,,,,,No,END QUESTIONNAIRE,16117
1,1601467717493,30/09/2020 12:08:37,1601467717352,1,30/09/2020 13:08:37,10169,131,questionnaire-vwz9,,7016474,5f5a2b731bd09e0916838391,2028998,,complete,,5f74743031df970119ebe0fe,computer,Desktop or Laptop,Windows 10,Chrome 85.0.4183.121,1920x1080,1920x969,Test_Checkpoint,F-1. Distractor__Ins,13,,study_6_grey,Consent Given,Consented,Experiment3__Greyscale,,Test_Checkpoint,,,,,C_Checkpoint_Grey,,Grey_RFG,,,,,No,BEGIN QUESTIONNAIRE,
2,1601467754479,30/09/2020 12:09:14,1601467754367,1,30/09/2020 13:09:14,10169,131,questionnaire-vwz9,,7016474,5f5a2b731bd09e0916838391,2028998,,complete,,5f74743031df970119ebe0fe,computer,Desktop or Laptop,Windows 10,Chrome 85.0.4183.121,1920x1080,1903x969,Test_Checkpoint,F-1. Distractor__Ins,13,,study_6_grey,Consent Given,Consented,Experiment3__Greyscale,,Test_Checkpoint,,,,,C_Checkpoint_Grey,,Grey_RFG,,,,,No,END QUESTIONNAIRE,37016
1,1601467742828,30/09/2020 12:09:02,1601467743442,1,30/09/2020 13:09:03,10169,131,questionnaire-vwz9,,7016497,5e9ffbdcaf81220009abc94f,2029003,,complete,,5f74742a935abc01b95ac028,computer,Desktop or Laptop,Windows 10,Chrome 85.0.4183.121,1920x1080,1920x937,Test_Checkpoint,F-1. Distractor__Ins,13,,study_6_grey,Consent Given,Consented,Experiment3__Greyscale,,Test_Checkpoint,,,,,C_Checkpoint_Grey,,Grey_RFG,,,,,No,BEGIN QUESTIONNAIRE,
2,1601467759558,30/09/2020 12:09:19,1601467760200,1,30/09/2020 13:09:20,10169,131,questionnaire-vwz9,,7016497,5e9ffbdcaf81220009abc94f,2029003,,complete,,5f74742a935abc01b95ac028,computer,Desktop or Laptop,Windows 10,Chrome 85.0.4183.121,1920x1080,1903x937,Test_Checkpoint,F-1. Distractor__Ins,13,,study_6_grey,Consent Given,Consented,Experiment3__Greyscale,,Test_Checkpoint,,,,,C_Checkpoint_Grey,,Grey_RFG,,,,,No,END QUESTIONNAIRE,16759
1,1601467856559,30/09/2020 12:10:56,1601467856084,1,30/09/2020 13:10:56,10169,131,questionnaire-vwz9,,7016578,5f03771f713311584afed791,2028988,,complete,,5f7473552209130161c4126d,computer,Desktop or Laptop,Windows 10,Chrome 85.0.4183.121,1920x1080,1920x937,Test_Checkpoint,F-1. Distractor__Ins,13,,study_3_grey,Consent Given,Consented,Experiment3__Greyscale,,Test_Checkpoint,,,,,C_Checkpoint_Grey,,Grey_RFBG,,,,,No,BEGIN QUESTIONNAIRE,
2,1601467890618,30/09/2020 12:11:30,1601467890176,1,30/09/2020 13:11:30,10169,131,questionnaire-vwz9,,7016578,5f03771f713311584afed791,2028988,,complete,,5f7473552209130161c4126d,computer,Desktop or Laptop,Windows 10,Chrome 85.0.4183.121,1920x1080,1903x937,Test_Checkpoint,F-1. Distractor__Ins,13,,study_3_grey,Consent Given,Consented,Experiment3__Greyscale,,Test_Checkpoint,,,,,C_Checkpoint_Grey,,Grey_RFBG,,,,,No,END QUESTIONNAIRE,34092
1,1601467918780,30/09/2020 12:11:58,1601467918477,1,30/09/2020 13:11:58,10169,131,questionnaire-vwz9,,7016617,5f41622c14f78c2fc7979f9f,2028997,,complete,,5f74736ce30c2e01c0d794fb,computer,Desktop or Laptop,Windows 10,Firefox 81.0,1366x768,1366x654,Test_Checkpoint,F-1. Distractor__Ins,13,,study_6_grey,Consent Given,Consented,Experiment3__Greyscale,,Test_Checkpoint,,,,,C_Checkpoint_Grey,,Grey_RFG,,,,,No,BEGIN QUESTIONNAIRE,
2,1601467988584,30/09/2020 12:13:08,1601467988356,1,30/09/2020 13:13:08,10169,131,questionnaire-vwz9,,7016617,5f41622c14f78c2fc7979f9f,2028997,,complete,,5f74736ce30c2e01c0d794fb,computer,Desktop or Laptop,Windows 10,Firefox 81.0,1366x768,1349x654,Test_Checkpoint,F-1. Distractor__Ins,13,,study_6_grey,Consent Given,Consented,Experiment3__Greyscale,,Test_Checkpoint,,,,,C_Checkpoint_Grey,,Grey_RFG,,,,,No,END QUESTIONNAIRE,69879
1,1601547435885,01/10/2020 10:17:15,1601547437045,1,01/10/2020 11:17:17,10169,131,questionnaire-vwz9,,7030354,5ec357dc000851000c8f1c97,2033248,,complete,,5f75ab810b4b1c237f63cc6c,computer,Desktop or Laptop,Windows 10,Chrome 85.0.4183.121,1536x864,1536x792,Test_Checkpoint,F-1. Distractor__Ins,13,,study_6_grey,Consent Given,Consented,Experiment3__Greyscale,,Test_Checkpoint,,,,,C_Checkpoint_Grey,,Grey_RFG,,,,,No,BEGIN QUESTIONNAIRE,
2,1601547447423,01/10/2020 10:17:27,1601547448607,1,01/10/2020 11:17:28,10169,131,questionnaire-vwz9,,7030354,5ec357dc000851000c8f1c97,2033248,,complete,,5f75ab810b4b1c237f63cc6c,computer,Desktop or Laptop,Windows 10,Chrome 85.0.4183.121,1536x864,1519x792,Test_Checkpoint,F-1. Distractor__Ins,13,,study_6_grey,Consent Given,Consented,Experiment3__Greyscale,,Test_Checkpoint,,,,,C_Checkpoint_Grey,,Grey_RFG,,,,,No,END QUESTIONNAIRE,11562
1,1601547643992,01/10/2020 10:20:43,1601547643034,1,01/10/2020 11:20:43,10169,131,questionnaire-vwz9,,7030433,5ebfaf1cad521c3a0deb76e2,2033265,,complete,,5f75ac4b45678023c2304e81,computer,Desktop or Laptop,Chromium OS 13310.91.0,Chrome 85.0.4183.131,1366x768,1366x617,Test_Checkpoint,F-1. Distractor__Ins,13,,study_3_grey,Consent Given,Consented,Experiment3__Greyscale,,Test_Checkpoint,,,,,C_Checkpoint_Grey,,Grey_RFBG,,,,,No,BEGIN QUESTIONNAIRE,
2,1601547655902,01/10/2020 10:20:55,1601547655008,1,01/10/2020 11:20:55,10169,131,questionnaire-vwz9,,7030433,5ebfaf1cad521c3a0deb76e2,2033265,,complete,,5f75ac4b45678023c2304e81,computer,Desktop or Laptop,Chromium OS 13310.91.0,Chrome 85.0.4183.131,1366x768,1366x617,Test_Checkpoint,F-1. Distractor__Ins,13,,study_3_grey,Consent Given,Consented,Experiment3__Greyscale,,Test_Checkpoint,,,,,C_Checkpoint_Grey,,Grey_RFBG,,,,,No,END QUESTIONNAIRE,11974
1,1601548054688,01/10/2020 10:27:34,1601548054656,1,01/10/2020 11:27:34,10169,131,questionnaire-vwz9,,7030556,5e249bc4292336713bc67cc3,2033305,,complete,,5f75ad92414cf82464b5a5d9,computer,Desktop or Laptop,Windows 10,Chrome 85.0.4183.121,1366x768,1366x657,Test_Checkpoint,F-1. Distractor__Ins,13,,study_3_grey,Consent Given,Consented,Experiment3__Greyscale,,Test_Checkpoint,,,,,C_Checkpoint_Grey,,Grey_RFG,,,,,No,BEGIN QUESTIONNAIRE,
2,1601548110562,01/10/2020 10:28:30,1601548110448,1,01/10/2020 11:28:30,10169,131,questionnaire-vwz9,,7030556,5e249bc4292336713bc67cc3,2033305,,complete,,5f75ad92414cf82464b5a5d9,computer,Desktop or Laptop,Windows 10,Chrome 85.0.4183.121,1366x768,1349x657,Test_Checkpoint,F-1. Distractor__Ins,13,,study_3_grey,Consent Given,Consented,Experiment3__Greyscale,,Test_Checkpoint,,,,,C_Checkpoint_Grey,,Grey_RFG,,,,,No,END QUESTIONNAIRE,55793
1,1601548307751,01/10/2020 10:31:47,1601548307682,1,01/10/2020 11:31:47,10169,131,questionnaire-vwz9,,7030712,5ebe8a7aa71efe03ad4b5e62,2033355,,complete,,5f75af51c1eb8723c94d0adf,computer,Desktop or Laptop,Windows 10,Chrome 85.0.4183.102,1280x720,1280x610,Test_Checkpoint,F-1. Distractor__Ins,13,,study_6_grey,Consent Given,Consented,Experiment3__Greyscale,,Test_Checkpoint,,,,,C_Checkpoint_Grey,,Grey_RFG,,,,,No,BEGIN QUESTIONNAIRE,
2,1601548320438,01/10/2020 10:32:00,1601548320416,1,01/10/2020 11:32:00,10169,131,questionnaire-vwz9,,7030712,5ebe8a7aa71efe03ad4b5e62,2033355,,complete,,5f75af51c1eb8723c94d0adf,computer,Desktop or Laptop,Windows 10,Chrome 85.0.4183.102,1280x720,1263x610,Test_Checkpoint,F-1. Distractor__Ins,13,,study_6_grey,Consent Given,Consented,Experiment3__Greyscale,,Test_Checkpoint,,,,,C_Checkpoint_Grey,,Grey_RFG,,,,,No,END QUESTIONNAIRE,12734
1,1601548365258,01/10/2020 10:32:45,1601548378348,2,01/10/2020 12:32:58,10169,131,questionnaire-vwz9,,7030755,5f2db50fc2a7970c462916eb,2033346,,complete,,5f75aee62414f423cab907ff,computer,Desktop or Laptop,Windows 10,Chrome 85.0.4183.121,1920x1080,1920x1007,Test_Checkpoint,F-1. Distractor__Ins,13,,study_3_grey,Consent Given,Consented,Experiment3__Greyscale,,Test_Checkpoint,,,,,C_Checkpoint_Grey,,Grey_RFG,,,,,No,BEGIN QUESTIONNAIRE,
2,1601548383481,01/10/2020 10:33:03,1601548396510,2,01/10/2020 12:33:16,10169,131,questionnaire-vwz9,,7030755,5f2db50fc2a7970c462916eb,2033346,,complete,,5f75aee62414f423cab907ff,computer,Desktop or Laptop,Windows 10,Chrome 85.0.4183.121,1920x1080,1903x1007,Test_Checkpoint,F-1. Distractor__Ins,13,,study_3_grey,Consent Given,Consented,Experiment3__Greyscale,,Test_Checkpoint,,,,,C_Checkpoint_Grey,,Grey_RFG,,,,,No,END QUESTIONNAIRE,18162
1,1601548364852,01/10/2020 10:32:44,1601548364287,1,01/10/2020 11:32:44,10169,131,questionnaire-vwz9,,7030757,5e7a46d8e1e19301df4faab9,2033356,,complete,,5f75af4eb3cafd2459d08168,computer,Desktop or Laptop,Chromium OS 13310.93.0,Chrome 85.0.4183.133,1366x768,1366x649,Test_Checkpoint,F-1. Distractor__Ins,13,,study_6_grey,Consent Given,Consented,Experiment3__Greyscale,,Test_Checkpoint,,,,,C_Checkpoint_Grey,,Grey_RFG,,,,,No,BEGIN QUESTIONNAIRE,
2,1601548378150,01/10/2020 10:32:58,1601548377782,1,01/10/2020 11:32:57,10169,131,questionnaire-vwz9,,7030757,5e7a46d8e1e19301df4faab9,2033356,,complete,,5f75af4eb3cafd2459d08168,computer,Desktop or Laptop,Chromium OS 13310.93.0,Chrome 85.0.4183.133,1366x768,1366x649,Test_Checkpoint,F-1. Distractor__Ins,13,,study_6_grey,Consent Given,Consented,Experiment3__Greyscale,,Test_Checkpoint,,,,,C_Checkpoint_Grey,,Grey_RFG,,,,,No,END QUESTIONNAIRE,13495
1,1601548378071,01/10/2020 10:32:58,1601548377970,1,01/10/2020 11:32:57,10169,131,questionnaire-vwz9,,7030767,5bc88ebb210b02000116913a,2033362,,complete,,5f75af64d7f9b723a4ed9523,computer,Desktop or Laptop,Mac OS 10.15.5,Chrome 83.0.4103.116,1440x900,1440x718,Test_Checkpoint,F-1. Distractor__Ins,13,,study_3_grey,Consent Given,Consented,Experiment3__Greyscale,,Test_Checkpoint,,,,,C_Checkpoint_Grey,,Grey_RFG,,,,,No,BEGIN QUESTIONNAIRE,
2,1601548386968,01/10/2020 10:33:06,1601548386904,1,01/10/2020 11:33:06,10169,131,questionnaire-vwz9,,7030767,5bc88ebb210b02000116913a,2033362,,complete,,5f75af64d7f9b723a4ed9523,computer,Desktop or Laptop,Mac OS 10.15.5,Chrome 83.0.4103.116,1440x900,1440x718,Test_Checkpoint,F-1. Distractor__Ins,13,,study_3_grey,Consent Given,Consented,Experiment3__Greyscale,,Test_Checkpoint,,,,,C_Checkpoint_Grey,,Grey_RFG,,,,,No,END QUESTIONNAIRE,8934
1,1601548416116,01/10/2020 10:33:36,1601548415454,1,01/10/2020 11:33:35,10169,131,questionnaire-vwz9,,7030804,5f73622c7826860647aec869,2033349,,complete,,5f75aefb96298223bee8ceb1,computer,Desktop or Laptop,Windows 10,Chrome 85.0.4183.121,1920x1080,1920x975,Test_Checkpoint,F-1. Distractor__Ins,13,,study_3_grey,Consent Given,Consented,Experiment3__Greyscale,,Test_Checkpoint,,,,,C_Checkpoint_Grey,,Grey_RFBG,,,,,No,BEGIN QUESTIONNAIRE,
2,1601548432594,01/10/2020 10:33:52,1601548431968,1,01/10/2020 11:33:51,10169,131,questionnaire-vwz9,,7030804,5f73622c7826860647aec869,2033349,,complete,,5f75aefb96298223bee8ceb1,computer,Desktop or Laptop,Windows 10,Chrome 85.0.4183.121,1920x1080,1903x975,Test_Checkpoint,F-1. Distractor__Ins,13,,study_3_grey,Consent Given,Consented,Experiment3__Greyscale,,Test_Checkpoint,,,,,C_Checkpoint_Grey,,Grey_RFBG,,,,,No,END QUESTIONNAIRE,16514
1,1601548441402,01/10/2020 10:34:01,1601548440145,1,01/10/2020 11:34:00,10169,131,questionnaire-vwz9,,7030827,5d4acbc3cfe6e90001ad87c9,2033353,,complete,,5f75af031db21d23b22585dc,computer,Desktop or Laptop,Windows 10,Firefox 81.0,1366x768,1366x598,Test_Checkpoint,F-1. Distractor__Ins,13,,study_3_grey,Consent Given,Consented,Experiment3__Greyscale,,Test_Checkpoint,,,,,C_Checkpoint_Grey,,Grey_RFG,,,,,No,BEGIN QUESTIONNAIRE,
2,1601548471035,01/10/2020 10:34:31,1601548469867,1,01/10/2020 11:34:29,10169,131,questionnaire-vwz9,,7030827,5d4acbc3cfe6e90001ad87c9,2033353,,complete,,5f75af031db21d23b22585dc,computer,Desktop or Laptop,Windows 10,Firefox 81.0,1366x768,1349x598,Test_Checkpoint,F-1. Distractor__Ins,13,,study_3_grey,Consent Given,Consented,Experiment3__Greyscale,,Test_Checkpoint,,,,,C_Checkpoint_Grey,,Grey_RFG,,,,,No,END QUESTIONNAIRE,29722
1,1601632231892,02/10/2020 09:50:31,1601632016213,-6,02/10/2020 03:46:56,10169,131,questionnaire-vwz9,,7046255,5f6c8d74133bba03216c7bb8,2038865,,complete,,5f76f58bc940481a1f7fefba,computer,Desktop or Laptop,Windows 10,Firefox 81.0,1366x768,1366x665,Test_Checkpoint,F-1. Distractor__Ins,13,,study_3_grey,Consent Given,Consented,Experiment3__Greyscale,,Test_Checkpoint,,,,,C_Checkpoint_Grey,,Grey_RFBG,,,,,No,BEGIN QUESTIONNAIRE,
2,1601632243986,02/10/2020 09:50:43,1601632028437,-6,02/10/2020 03:47:08,10169,131,questionnaire-vwz9,,7046255,5f6c8d74133bba03216c7bb8,2038865,,complete,,5f76f58bc940481a1f7fefba,computer,Desktop or Laptop,Windows 10,Firefox 81.0,1366x768,1349x665,Test_Checkpoint,F-1. Distractor__Ins,13,,study_3_grey,Consent Given,Consented,Experiment3__Greyscale,,Test_Checkpoint,,,,,C_Checkpoint_Grey,,Grey_RFBG,,,,,No,END QUESTIONNAIRE,12224
1,1601637022343,02/10/2020 11:10:22,1601637022370,1,02/10/2020 12:10:22,10169,131,questionnaire-vwz9,,7047381,5eb3cef4444b2f1be1ed2e00,2039469,,complete,,5f77072ea932fb1c0f4e30e4,computer,Desktop or Laptop,Windows 10,Opera 70.0.3728.189,1920x1080,1880x939,Test_Checkpoint,F-1. Distractor__Ins,13,,study_3_grey,Consent Given,Consented,Experiment3__Greyscale,,Test_Checkpoint,,,,,C_Checkpoint_Grey,,Grey_RFBG,,,,,No,BEGIN QUESTIONNAIRE,
2,1601637508130,02/10/2020 11:18:28,1601637508173,1,02/10/2020 12:18:28,10169,131,questionnaire-vwz9,,7047381,5eb3cef4444b2f1be1ed2e00,2039469,,complete,,5f77072ea932fb1c0f4e30e4,computer,Desktop or Laptop,Windows 10,Opera 70.0.3728.189,1920x1080,1865x939,Test_Checkpoint,F-1. Distractor__Ins,13,,study_3_grey,Consent Given,Consented,Experiment3__Greyscale,,Test_Checkpoint,,,,,C_Checkpoint_Grey,,Grey_RFBG,,,,,No,END QUESTIONNAIRE,485803
1,1601548476402,01/10/2020 10:34:36,1601548476136,1,01/10/2020 11:34:36,10169,131,questionnaire-vwz9,,7030848,5f454bb7d70eb1104c862a6a,2033368,,complete,,5f75af7cc78e622377be8607,computer,Desktop or Laptop,Windows 10,Chrome 85.0.4183.121,1280x720,1280x578,Test_Checkpoint,F-1. Distractor__Ins,13,,study_3_grey,Consent Given,Consented,Experiment3__Greyscale,,Test_Checkpoint,,,,,C_Checkpoint_Grey,,Grey_RFBG,,,,,No,BEGIN QUESTIONNAIRE,
2,1601548489298,01/10/2020 10:34:49,1601548489077,1,01/10/2020 11:34:49,10169,131,questionnaire-vwz9,,7030848,5f454bb7d70eb1104c862a6a,2033368,,complete,,5f75af7cc78e622377be8607,computer,Desktop or Laptop,Windows 10,Chrome 85.0.4183.121,1280x720,1263x578,Test_Checkpoint,F-1. Distractor__Ins,13,,study_3_grey,Consent Given,Consented,Experiment3__Greyscale,,Test_Checkpoint,,,,,C_Checkpoint_Grey,,Grey_RFBG,,,,,No,END QUESTIONNAIRE,12941
1,1601547646915,01/10/2020 10:20:46,1601547647233,1,01/10/2020 11:20:47,10169,131,questionnaire-vwz9,,7030435,59d50c3d115096000190dd48,2033270,,complete,,5f75ac9b22e14f2351f769df,computer,Desktop or Laptop,Chromium OS 12371.89.0,Chrome 77.0.3865.120,1366x768,1366x609,Test_Checkpoint,F-1. Distractor__Ins,13,,study_3_grey,Consent Given,Consented,Experiment3__Greyscale,,Test_Checkpoint,,,,,C_Checkpoint_Grey,,Grey_RFBG,,,,,No,BEGIN QUESTIONNAIRE,
2,1601547732129,01/10/2020 10:22:12,1601547732239,1,01/10/2020 11:22:12,10169,131,questionnaire-vwz9,,7030435,59d50c3d115096000190dd48,2033270,,complete,,5f75ac9b22e14f2351f769df,computer,Desktop or Laptop,Chromium OS 12371.89.0,Chrome 77.0.3865.120,1366x768,1366x609,Test_Checkpoint,F-1. Distractor__Ins,13,,study_3_grey,Consent Given,Consented,Experiment3__Greyscale,,Test_Checkpoint,,,,,C_Checkpoint_Grey,,Grey_RFBG,,,,,No,END QUESTIONNAIRE,85007
1,1601469710714,30/09/2020 12:41:50,1601469710131,1,30/09/2020 13:41:50,10169,131,questionnaire-vwz9,,7017335,5eee86c6cb94ad32f3694bd9,2029186,,complete,,5f747353c1eb870166e8ab54,computer,Desktop or Laptop,Windows 10,Edge 85.0.564.63,1536x864,1396x676,Test_Checkpoint,F-1. Distractor__Ins,13,,study_3_grey,Consent Given,Consented,Experiment3__Greyscale,,Test_Checkpoint,,,,,C_Checkpoint_Grey,,Grey_RFBG,,,,,No,BEGIN QUESTIONNAIRE,
2,1601469727873,30/09/2020 12:42:07,1601469727347,1,30/09/2020 13:42:07,10169,131,questionnaire-vwz9,,7017335,5eee86c6cb94ad32f3694bd9,2029186,,complete,,5f747353c1eb870166e8ab54,computer,Desktop or Laptop,Windows 10,Edge 85.0.564.63,1536x864,1381x676,Test_Checkpoint,F-1. Distractor__Ins,13,,study_3_grey,Consent Given,Consented,Experiment3__Greyscale,,Test_Checkpoint,,,,,C_Checkpoint_Grey,,Grey_RFBG,,,,,No,END QUESTIONNAIRE,17216
1,1601468652966,30/09/2020 12:24:12,1601468655944,1,30/09/2020 13:24:15,10169,131,questionnaire-vwz9,,7016970,5f5a1b168b72aa0678d150a2,2029014,,complete,,5f7474228769e4015c43df83,computer,Desktop or Laptop,Windows 7,Firefox 81.0,1024x600,1024x486,Test_Checkpoint,F-1. Distractor__Ins,13,,study_6_grey,Consent Given,Consented,Experiment3__Greyscale,,Test_Checkpoint,,,,,C_Checkpoint_Grey,,Grey_RFG,,,,,No,BEGIN QUESTIONNAIRE,
2,1601468846303,30/09/2020 12:27:26,1601468849347,1,30/09/2020 13:27:29,10169,131,questionnaire-vwz9,,7016970,5f5a1b168b72aa0678d150a2,2029014,,complete,,5f7474228769e4015c43df83,computer,Desktop or Laptop,Windows 7,Firefox 81.0,1024x600,1007x486,Test_Checkpoint,F-1. Distractor__Ins,13,,study_6_grey,Consent Given,Consented,Experiment3__Greyscale,,Test_Checkpoint,,,,,C_Checkpoint_Grey,,Grey_RFG,,,,,No,END QUESTIONNAIRE,193404
1,1601468638361,30/09/2020 12:23:58,1601468639060,1,30/09/2020 13:23:59,10169,131,questionnaire-vwz9,,7016969,5f454173b7fe9e0e53e90385,2029004,,complete,,5f74735b4b6e4d016cb890c1,computer,Desktop or Laptop,Windows 10,Firefox 82.0,2560x1440,2560x1298,Test_Checkpoint,F-1. Distractor__Ins,13,,study_3_grey,Consent Given,Consented,Experiment3__Greyscale,,Test_Checkpoint,,,,,C_Checkpoint_Grey,,Grey_RFG,,,,,No,BEGIN QUESTIONNAIRE,
2,1601468646608,30/09/2020 12:24:06,1601468647348,1,30/09/2020 13:24:07,10169,131,questionnaire-vwz9,,7016969,5f454173b7fe9e0e53e90385,2029004,,complete,,5f74735b4b6e4d016cb890c1,computer,Desktop or Laptop,Windows 10,Firefox 82.0,2560x1440,2560x1298,Test_Checkpoint,F-1. Distractor__Ins,13,,study_3_grey,Consent Given,Consented,Experiment3__Greyscale,,Test_Checkpoint,,,,,C_Checkpoint_Grey,,Grey_RFG,,,,,No,END QUESTIONNAIRE,8288
1,1601467977305,30/09/2020 12:12:57,1601467975710,1,30/09/2020 13:12:55,10169,131,questionnaire-vwz9,,7016654,5e4eb1de8e6da203e5b070ca,2029011,,complete,,5f747428347811011b3203a6,computer,Desktop or Laptop,Windows 10,Chrome 84.0.4147.89,1680x1050,1680x939,Test_Checkpoint,F-1. Distractor__Ins,13,,study_6_grey,Consent Given,Consented,Experiment3__Greyscale,,Test_Checkpoint,,,,,C_Checkpoint_Grey,,Grey_RFBG,,,,,No,BEGIN QUESTIONNAIRE,
2,1601468002049,30/09/2020 12:13:22,1601468000479,1,30/09/2020 13:13:20,10169,131,questionnaire-vwz9,,7016654,5e4eb1de8e6da203e5b070ca,2029011,,complete,,5f747428347811011b3203a6,computer,Desktop or Laptop,Windows 10,Chrome 84.0.4147.89,1680x1050,1663x939,Test_Checkpoint,F-1. Distractor__Ins,13,,study_6_grey,Consent Given,Consented,Experiment3__Greyscale,,Test_Checkpoint,,,,,C_Checkpoint_Grey,,Grey_RFBG,,,,,No,END QUESTIONNAIRE,24769
1,1601467978947,30/09/2020 12:12:58,1601467981500,2,30/09/2020 14:13:01,10169,131,questionnaire-vwz9,,7016653,5f3466e39bf00338f776714b,2028991,,complete,,5f74737937eeae015faeebbe,computer,Desktop or Laptop,Windows 8.1,Firefox 81.0,1708x960,1708x783,Test_Checkpoint,F-1. Distractor__Ins,13,,study_3_grey,Consent Given,Consented,Experiment3__Greyscale,,Test_Checkpoint,,,,,C_Checkpoint_Grey,,Grey_RFBG,,,,,No,BEGIN QUESTIONNAIRE,
2,1601468031055,30/09/2020 12:13:51,1601468033663,2,30/09/2020 14:13:53,10169,131,questionnaire-vwz9,,7016653,5f3466e39bf00338f776714b,2028991,,complete,,5f74737937eeae015faeebbe,computer,Desktop or Laptop,Windows 8.1,Firefox 81.0,1708x960,1686x783,Test_Checkpoint,F-1. Distractor__Ins,13,,study_3_grey,Consent Given,Consented,Experiment3__Greyscale,,Test_Checkpoint,,,,,C_Checkpoint_Grey,,Grey_RFBG,,,,,No,END QUESTIONNAIRE,52163
1,1601467771757,30/09/2020 12:09:31,1601467771039,1,30/09/2020 13:09:31,10169,131,questionnaire-vwz9,,7016521,5c345ebad4f77a0001a91ec0,2028999,,complete,,5f74742fe42d410160c091f2,computer,Desktop or Laptop,Windows 10,Chrome 85.0.4183.121,1536x864,1536x682,Test_Checkpoint,F-1. Distractor__Ins,13,,study_6_grey,Consent Given,Consented,Experiment3__Greyscale,,Test_Checkpoint,,,,,C_Checkpoint_Grey,,Grey_RFBG,,,,,No,BEGIN QUESTIONNAIRE,
2,1601467786195,30/09/2020 12:09:46,1601467785507,1,30/09/2020 13:09:45,10169,131,questionnaire-vwz9,,7016521,5c345ebad4f77a0001a91ec0,2028999,,complete,,5f74742fe42d410160c091f2,computer,Desktop or Laptop,Windows 10,Chrome 85.0.4183.121,1536x864,1519x682,Test_Checkpoint,F-1. Distractor__Ins,13,,study_6_grey,Consent Given,Consented,Experiment3__Greyscale,,Test_Checkpoint,,,,,C_Checkpoint_Grey,,Grey_RFBG,,,,,No,END QUESTIONNAIRE,14468
1,1601467701564,30/09/2020 12:08:21,1601467703734,-9,30/09/2020 03:08:23,10169,131,questionnaire-vwz9,,7016463,5c04facfd30e3200016df2e7,2028986,,complete,,5f747375b8ca3a01b7dc22f4,computer,Desktop or Laptop,Windows 10,Opera 70.0.3728.189,1366x768,1366x658,Test_Checkpoint,F-1. Distractor__Ins,13,,study_3_grey,Consent Given,Consented,Experiment3__Greyscale,,Test_Checkpoint,,,,,C_Checkpoint_Grey,,Grey_RFBG,,,,,No,BEGIN QUESTIONNAIRE,
2,1601467716268,30/09/2020 12:08:36,1601467718447,-9,30/09/2020 03:08:38,10169,131,questionnaire-vwz9,,7016463,5c04facfd30e3200016df2e7,2028986,,complete,,5f747375b8ca3a01b7dc22f4,computer,Desktop or Laptop,Windows 10,Opera 70.0.3728.189,1366x768,1351x658,Test_Checkpoint,F-1. Distractor__Ins,13,,study_3_grey,Consent Given,Consented,Experiment3__Greyscale,,Test_Checkpoint,,,,,C_Checkpoint_Grey,,Grey_RFBG,,,,,No,END QUESTIONNAIRE,14713
1,1601377535214,29/09/2020 11:05:35,1601377506747,1,29/09/2020 12:05:06,10169,131,questionnaire-vwz9,,6998857,5e93f6b64d246b73073c3ba1,2021075,,complete,,5f73135671f80d0479734161,computer,Desktop or Laptop,Windows 10,Edge 18.19041,1536x864,1536x751,Test_Checkpoint,F-1. Distractor__Ins,13,,study_6_grey,Consent Given,Consented,Experiment3__Greyscale,,Test_Checkpoint,,,,,C_Checkpoint_Grey,,Grey_RFBG,,,,,No,BEGIN QUESTIONNAIRE,
2,1601377569346,29/09/2020 11:06:09,1601377540886,1,29/09/2020 12:05:40,10169,131,questionnaire-vwz9,,6998857,5e93f6b64d246b73073c3ba1,2021075,,complete,,5f73135671f80d0479734161,computer,Desktop or Laptop,Windows 10,Edge 18.19041,1536x864,1520x751,Test_Checkpoint,F-1. Distractor__Ins,13,,study_6_grey,Consent Given,Consented,Experiment3__Greyscale,,Test_Checkpoint,,,,,C_Checkpoint_Grey,,Grey_RFBG,,,,,No,END QUESTIONNAIRE,34139
1,1601377513122,29/09/2020 11:05:13,1601377515310,1,29/09/2020 12:05:15,10169,131,questionnaire-vwz9,,6998847,5ccb5e96bca87900161275c2,2021083,,complete,,5f731359e21e37048f451d37,computer,Desktop or Laptop,Windows 10,Chrome 85.0.4183.121,1536x864,1536x722,Test_Checkpoint,F-1. Distractor__Ins,13,,study_6_grey,Consent Given,Consented,Experiment3__Greyscale,,Test_Checkpoint,,,,,C_Checkpoint_Grey,,Grey_RFBG,,,,,No,BEGIN QUESTIONNAIRE,
2,1601377528133,29/09/2020 11:05:28,1601377530171,1,29/09/2020 12:05:30,10169,131,questionnaire-vwz9,,6998847,5ccb5e96bca87900161275c2,2021083,,complete,,5f731359e21e37048f451d37,computer,Desktop or Laptop,Windows 10,Chrome 85.0.4183.121,1536x864,1519x722,Test_Checkpoint,F-1. Distractor__Ins,13,,study_6_grey,Consent Given,Consented,Experiment3__Greyscale,,Test_Checkpoint,,,,,C_Checkpoint_Grey,,Grey_RFBG,,,,,No,END QUESTIONNAIRE,14861
1,1601374180618,29/09/2020 10:09:40,1601374180403,13,29/09/2020 23:09:40,10169,131,questionnaire-vwz9,,6998049,5f3b4a34d5b7e884df940433,2020737,,complete,,5f7306713ce5bc026ecd72d7,computer,Desktop or Laptop,Windows 10,Chrome 85.0.4183.121,1366x768,1366x665,Test_Checkpoint,F-1. Distractor__Ins,13,,study_3_grey,Consent Given,Consented,Experiment3__Greyscale,,Test_Checkpoint,,,,,C_Checkpoint_Grey,,Grey_RFG,,,,,No,BEGIN QUESTIONNAIRE,
2,1601374193919,29/09/2020 10:09:53,1601374191774,13,29/09/2020 23:09:51,10169,131,questionnaire-vwz9,,6998049,5f3b4a34d5b7e884df940433,2020737,,complete,,5f7306713ce5bc026ecd72d7,computer,Desktop or Laptop,Windows 10,Chrome 85.0.4183.121,1366x768,1349x665,Test_Checkpoint,F-1. Distractor__Ins,13,,study_3_grey,Consent Given,Consented,Experiment3__Greyscale,,Test_Checkpoint,,,,,C_Checkpoint_Grey,,Grey_RFG,,,,,No,END QUESTIONNAIRE,11371
END OF FILE
