Order,Welcome__Mouse.x,Welcome__Mouse.y,Welcome__Mouse.leftButton,Welcome__Mouse.midButton,Welcome__Mouse.rightButton,Welcome__Mouse.time,Welcome__Mouse.clicked_name,GenIns__Mouse.x,GenIns__Mouse.y,GenIns__Mouse.leftButton,GenIns__Mouse.midButton,GenIns__Mouse.rightButton,GenIns__Mouse.time,GenIns__Mouse.clicked_name,Welcome__Repeat__Loop.thisRepN,Welcome__Repeat__Loop.thisTrialN,Welcome__Repeat__Loop.thisN,Welcome__Repeat__Loop.thisIndex,Welcome__Repeat__Loop.ran,Welcome__Repeat__Loop.order,date,expName,psychopyVersion,OS,frameRate,B1__DoYouUnderstand,B1NamFam__Mouse.x,B1NamFam__Mouse.y,B1NamFam__Mouse.leftButton,B1NamFam__Mouse.midButton,B1NamFam__Mouse.rightButton,B1NamFam__Mouse.time,B1NamFam__Mouse.clicked_name,B1NamFam__Mouse2.x,B1NamFam__Mouse2.y,B1NamFam__Mouse2.leftButton,B1NamFam__Mouse2.midButton,B1NamFam__Mouse2.rightButton,B1NamFam__Mouse2.time,B1NamFam__Mouse2.clicked_name,Naming_RT,Naming_Response,NamResp__Mouse.x,NamResp__Mouse.y,NamResp__Mouse.leftButton,NamResp__Mouse.midButton,NamResp__Mouse.rightButton,NamResp__Mouse.time,NamResp__Mouse.clicked_name,Familiarity,FamResp__Mouse.x,FamResp__Mouse.y,FamResp__Mouse.leftButton,FamResp__Mouse.midButton,FamResp__Mouse.rightButton,FamResp__Mouse.time,FamResp__Mouse.clicked_name,Block1__Nam__Fam__Loop.thisRepN,Block1__Nam__Fam__Loop.thisTrialN,Block1__Nam__Fam__Loop.thisN,Block1__Nam__Fam__Loop.thisIndex,Block1__Nam__Fam__Loop.ran,Block1__Nam__Fam__Loop.order,B1NamFam.thisRepN,B1NamFam.thisTrialN,B1NamFam.thisN,B1NamFam.thisIndex,B1NamFam.ran,B1NamFam.order,images2,words,colourorgreyscale,vccdbackground,CompleteB1__Mouse.x,CompleteB1__Mouse.y,CompleteB1__Mouse.leftButton,CompleteB1__Mouse.midButton,CompleteB1__Mouse.rightButton,CompleteB1__Mouse.time,CompleteB1__Mouse.clicked_name,B2__DoYouUnderstand,B2VCCD__Mouse.x,B2VCCD__Mouse.y,B2VCCD__Mouse.leftButton,B2VCCD__Mouse.midButton,B2VCCD__Mouse.rightButton,B2VCCD__Mouse.time,B2VCCD__Mouse.clicked_name,B2VCCD__Mouse2.x,B2VCCD__Mouse2.y,B2VCCD__Mouse2.leftButton,B2VCCD__Mouse2.midButton,B2VCCD__Mouse2.rightButton,B2VCCD__Mouse2.time,B2VCCD__Mouse2.clicked_name,VisualComplexity,VisCom__Mouse.x,VisCom__Mouse.y,VisCom__Mouse.leftButton,VisCom__Mouse.midButton,VisCom__Mouse.rightButton,VisCom__Mouse.time,VisCom__Mouse.clicked_name,ColourDiagnosticity,ColDia__Mouse.x,ColDia__Mouse.y,ColDia__Mouse.leftButton,ColDia__Mouse.midButton,ColDia__Mouse.rightButton,ColDia__Mouse.time,ColDia__Mouse.clicked_name,Block2__VisCom__ColDia__Loop.thisRepN,Block2__VisCom__ColDia__Loop.thisTrialN,Block2__VisCom__ColDia__Loop.thisN,Block2__VisCom__ColDia__Loop.thisIndex,Block2__VisCom__ColDia__Loop.ran,Block2__VisCom__ColDia__Loop.order,B2VCCD.thisRepN,B2VCCD.thisTrialN,B2VCCD.thisN,B2VCCD.thisIndex,B2VCCD.ran,B2VCCD.order,B2__ColDiaLoop.thisRepN,B2__ColDiaLoop.thisTrialN,B2__ColDiaLoop.thisN,B2__ColDiaLoop.thisIndex,B2__ColDiaLoop.ran,B2__ColDiaLoop.order,CompleteB2__Mouse.x,CompleteB2__Mouse.y,CompleteB2__Mouse.leftButton,CompleteB2__Mouse.midButton,CompleteB2__Mouse.rightButton,CompleteB2__Mouse.time,CompleteB2__Mouse.clicked_name,B3__DoYouUnderstand,B3MenIma__Mouse.x,B3MenIma__Mouse.y,B3MenIma__Mouse.leftButton,B3MenIma__Mouse.midButton,B3MenIma__Mouse.rightButton,B3MenIma__Mouse.time,B3MenIma__Mouse.clicked_name,B3MenIma__Mouse2.x,B3MenIma__Mouse2.y,B3MenIma__Mouse2.leftButton,B3MenIma__Mouse2.midButton,B3MenIma__Mouse2.rightButton,B3MenIma__Mouse2.time,B3MenIma__Mouse2.clicked_name,MentalImageryAgreement,MenIma__Mouse.x,MenIma__Mouse.y,MenIma__Mouse.leftButton,MenIma__Mouse.midButton,MenIma__Mouse.rightButton,MenIma__Mouse.time,MenIma__Mouse.clicked_name,Block3__Mental__Imagery__Loop.thisRepN,Block3__Mental__Imagery__Loop.thisTrialN,Block3__Mental__Imagery__Loop.thisN,Block3__Mental__Imagery__Loop.thisIndex,Block3__Mental__Imagery__Loop.ran,Block3__Mental__Imagery__Loop.order,Block3__MenIma__RespLoop.thisRepN,Block3__MenIma__RespLoop.thisTrialN,Block3__MenIma__RespLoop.thisN,Block3__MenIma__RespLoop.thisIndex,Block3__MenIma__RespLoop.ran,Block3__MenIma__RespLoop.order,DidYouHearBeep,Debrief_Comments,Debrief__Mouse.x,Debrief__Mouse.y,Debrief__Mouse.leftButton,Debrief__Mouse.midButton,Debrief__Mouse.rightButton,Debrief__Mouse.time,Debrief__Mouse.clicked_name,Debrief__Mouse2.x,Debrief__Mouse2.y,Debrief__Mouse2.leftButton,Debrief__Mouse2.midButton,Debrief__Mouse2.rightButton,Debrief__Mouse2.time,Debrief__Mouse2.clicked_name
A,[0.7224627976190476],[0.41954613095238097],[1],[0],[0],[2.1089999675750732],"[""Welcome__Next""]",[0.7224627976190476],[0.41954613095238097],[1],[0],[0],[2.183000087738037],"[""GenIns__Next""]",20,0,20,0,1,19,2019-11-22_09h27.37.994,Subjective Judgments for Photographic Stimuli --- 02,3.2.3,MacIntel,60,,,,,,,,,,,,,,,,,,,,,,,,,,,,,,,,,,,,,,,,,,,,,,,,,,,,,,,,,,,,,,,,,,,,,,,,,,,,,,,,,,,,,,,,,,,,,,,,,,,,,,,,,,,,,,,,,,,,,,,,,,,,,,,,,,,,,,,,,,,,,,,,,,,,,,,,,,,,,,,,,,
,,,,,,,,,,,,,,,,,,,,,2019-11-22_09h27.37.994,Subjective Judgments for Photographic Stimuli --- 02,3.2.3,MacIntel,60,Yes,[-0.08121279761904762],[-0.4258556547619048],[1],[0],[0],[3.7829999923706055],"[""B1NamFam__Yes""]",[0.7087351190476191],[0.43409598214285716],[1],[0],[0],[4.5970001220703125],"[""B1NamFam__Begin""]",1.871999979,ghdf,[0.6740327380952381],[-0.2516703869047619],[1],[0],[0],[2.754999876022339],"[""NamResp__Next""]",Fam_1,[-0.11329241071428571],[-0.33113095238095236],[1],[0],[0],[0.28299999237060547],"[""Fam__1""]",1,0,1,0,1,0,1,0,44,17,1,43,images/stimuli/photos/iron1-photo-colour.png,images/stimuli/words/iron.png,colour,images/backgrounds/vccd1.png,,,,,,,,,,,,,,,,,,,,,,,,,,,,,,,,,,,,,,,,,,,,,,,,,,,,,,,,,,,,,,,,,,,,,,,,,,,,,,,,,,,,,,,,,,,,,,,,,,,,,,,,,,,,,,,,,,
,,,,,,,,,,,,,,,,,,,,,2019-11-22_09h27.37.994,Subjective Judgments for Photographic Stimuli --- 02,3.2.3,MacIntel,60,,,,,,,,,,,,,,,,0.516000032,ergsd,[0.6597544642857143],[-0.2587276785714286],[1],[0],[0],[0.749000072479248],"[""NamResp__Next""]",Fam_2,[0.0517485119047619],[-0.3506845238095238],[1],[0],[0],[0.26600003242492676],"[""Fam__2""]",1,0,1,0,1,0,1,0,44,32,1,43,images/stimuli/photos/potato1-photo-colour.png,images/stimuli/words/potato.png,colour,images/backgrounds/vccd1.png,,,,,,,,,,,,,,,,,,,,,,,,,,,,,,,,,,,,,,,,,,,,,,,,,,,,,,,,,,,,,,,,,,,,,,,,,,,,,,,,,,,,,,,,,,,,,,,,,,,,,,,,,,,,,,,,,,
,,,,,,,,,,,,,,,,,,,,,2019-11-22_09h27.37.994,Subjective Judgments for Photographic Stimuli --- 02,3.2.3,MacIntel,60,,,,,,,,,,,,,,,,0.398000002,grfwdw,[0.6467150297619048],[-0.26511160714285714],[1],[0],[0],[0.5820000171661377],"[""NamResp__Next""]",Fam_3,[0.1935342261904762],[-0.31253348214285714],[1],[0],[0],[0.24900007247924805],"[""Fam__3""]",1,0,1,0,1,0,1,0,44,22,1,43,images/stimuli/photos/leaf1-photo-grey.png,images/stimuli/words/leaf.png,grey,images/backgrounds/vconly.png,,,,,,,,,,,,,,,,,,,,,,,,,,,,,,,,,,,,,,,,,,,,,,,,,,,,,,,,,,,,,,,,,,,,,,,,,,,,,,,,,,,,,,,,,,,,,,,,,,,,,,,,,,,,,,,,,,
,,,,,,,,,,,,,,,,,,,,,2019-11-22_09h27.37.994,Subjective Judgments for Photographic Stimuli --- 02,3.2.3,MacIntel,60,,,,,,,,,,,,,,,,0.333000183,rgds,[0.6687537202380952],[-0.25892113095238095],[1],[0],[0],[0.7330000400543213],"[""NamResp__Next""]",Fam_4,[0.3343526785714286],[-0.33900669642857145],[1],[0],[0],[0.06800007820129395],"[""Fam__4""]",1,0,1,0,1,0,1,0,44,16,1,43,images/stimuli/photos/hand1-photo-colour.png,images/stimuli/words/hand.png,colour,images/backgrounds/vccd1.png,,,,,,,,,,,,,,,,,,,,,,,,,,,,,,,,,,,,,,,,,,,,,,,,,,,,,,,,,,,,,,,,,,,,,,,,,,,,,,,,,,,,,,,,,,,,,,,,,,,,,,,,,,,,,,,,,,
,,,,,,,,,,,,,,,,,,,,,2019-11-22_09h27.37.994,Subjective Judgments for Photographic Stimuli --- 02,3.2.3,MacIntel,60,,,,,,,,,,,,,,,,0.414999962,tewd,[0.677451636904762],[-0.2701376488095238],[1],[0],[0],[0.5820000171661377],"[""NamResp__Next""]",Fam_5,[0.4712983630952381],[-0.33291294642857144],[1],[0],[0],[0.0989999771118164],"[""Fam__5""]",1,0,1,0,1,0,1,0,44,37,1,43,images/stimuli/photos/shoe1-photo-colour.png,images/stimuli/words/shoe.png,colour,images/backgrounds/vccd1.png,,,,,,,,,,,,,,,,,,,,,,,,,,,,,,,,,,,,,,,,,,,,,,,,,,,,,,,,,,,,,,,,,,,,,,,,,,,,,,,,,,,,,,,,,,,,,,,,,,,,,,,,,,,,,,,,,,
,,,,,,,,,,,,,,,,,,,,,2019-11-22_09h27.37.994,Subjective Judgments for Photographic Stimuli --- 02,3.2.3,MacIntel,60,,,,,,,,,,,,,,,,0.434000015,tdge,[0.6825483630952381],[-0.2538876488095238],[1],[0],[0],[0.6319999694824219],"[""NamResp__Next""]",Fam_1,[-0.10455357142857143],[-0.3519419642857143],[1],[0],[0],[0.2519998550415039],"[""Fam__1""]",1,0,1,0,1,0,1,0,44,14,1,43,images/stimuli/photos/drum1-photo-grey.png,images/stimuli/words/drum.png,grey,images/backgrounds/vconly.png,,,,,,,,,,,,,,,,,,,,,,,,,,,,,,,,,,,,,,,,,,,,,,,,,,,,,,,,,,,,,,,,,,,,,,,,,,,,,,,,,,,,,,,,,,,,,,,,,,,,,,,,,,,,,,,,,,
,,,,,,,,,,,,,,,,,,,,,2019-11-22_09h27.37.994,Subjective Judgments for Photographic Stimuli --- 02,3.2.3,MacIntel,60,,,,,,,,,,,,,,,,0.400000095,rtgf,[0.6678980654761905],[-0.25009300595238093],[1],[0],[0],[0.9320001602172852],"[""NamResp__Next""]",Fam_2,"[0.08758928571428572,0.042555803571428574]","[-0.32320684523809523,-0.3288169642857143]","[1,1]","[0,0]","[0,0]","[1.1979999542236328,1.7159998416900635]","[""Fam__2""]",1,0,1,0,1,0,1,0,44,7,1,43,images/stimuli/photos/button1-photo-grey.png,images/stimuli/words/button.png,grey,images/backgrounds/vconly.png,,,,,,,,,,,,,,,,,,,,,,,,,,,,,,,,,,,,,,,,,,,,,,,,,,,,,,,,,,,,,,,,,,,,,,,,,,,,,,,,,,,,,,,,,,,,,,,,,,,,,,,,,,,,,,,,,,
,,,,,,,,,,,,,,,,,,,,,2019-11-22_09h27.37.994,Subjective Judgments for Photographic Stimuli --- 02,3.2.3,MacIntel,60,,,,,,,,,,,,,,,,0.48300004,rhgdsed,[0.6450706845238096],[-0.2597842261904762],[1],[0],[0],[0.75],"[""NamResp__Next""]",Fam_4,[0.3224702380952381],[-0.3281138392857143],[1],[0],[0],[0.2330000400543213],"[""Fam__4""]",1,0,1,0,1,0,1,0,44,28,1,43,images/stimuli/photos/ostrich1-photo-colour.png,images/stimuli/words/ostrich.png,colour,images/backgrounds/vccd1.png,,,,,,,,,,,,,,,,,,,,,,,,,,,,,,,,,,,,,,,,,,,,,,,,,,,,,,,,,,,,,,,,,,,,,,,,,,,,,,,,,,,,,,,,,,,,,,,,,,,,,,,,,,,,,,,,,,
,,,,,,,,,,,,,,,,,,,,,2019-11-22_09h27.37.994,Subjective Judgments for Photographic Stimuli --- 02,3.2.3,MacIntel,60,,,,,,,,,,,,,,,,0.516000032,rthgdfs,[0.7050186011904762],[-0.273578869047619],[1],[0],[0],[0.8489999771118164],"[""NamResp__Next""]",Fam_5,[0.46151041666666665],[-0.3300855654761905],[1],[0],[0],[0.24900007247924805],"[""Fam__5""]",1,0,1,0,1,0,1,0,44,34,1,43,images/stimuli/photos/screw1-photo-grey.png,images/stimuli/words/screw.png,grey,images/backgrounds/vconly.png,,,,,,,,,,,,,,,,,,,,,,,,,,,,,,,,,,,,,,,,,,,,,,,,,,,,,,,,,,,,,,,,,,,,,,,,,,,,,,,,,,,,,,,,,,,,,,,,,,,,,,,,,,,,,,,,,,
,,,,,,,,,,,,,,,,,,,,,2019-11-22_09h27.37.994,Subjective Judgments for Photographic Stimuli --- 02,3.2.3,MacIntel,60,,,,,,,,,,,,,,,,0.365999937,hregs,[0.6529538690476191],[-0.26232886904761904],[1],[0],[0],[0.7139999866485596],"[""NamResp__Next""]",Fam_3,[0.18970982142857143],[-0.3385639880952381],[1],[0],[0],[0.2980000972747803],"[""Fam__3""]",1,0,1,0,1,0,1,0,44,30,1,43,images/stimuli/photos/peacock1-photo-colour.png,images/stimuli/words/peacock.png,colour,images/backgrounds/vccd1.png,,,,,,,,,,,,,,,,,,,,,,,,,,,,,,,,,,,,,,,,,,,,,,,,,,,,,,,,,,,,,,,,,,,,,,,,,,,,,,,,,,,,,,,,,,,,,,,,,,,,,,,,,,,,,,,,,,
,,,,,,,,,,,,,,,,,,,,,2019-11-22_09h27.37.994,Subjective Judgments for Photographic Stimuli --- 02,3.2.3,MacIntel,60,,,,,,,,,,,,,,,,0.400000095,thgsf,[0.6666703869047619],[-0.25884300595238097],[1],[0],[0],[0.6840000152587891],"[""NamResp__Next""]",Fam_1,[-0.11812872023809524],[-0.3245386904761905],[1],[0],[0],[0.2330000400543213],"[""Fam__1""]",1,0,1,0,1,0,1,0,44,13,1,43,images/stimuli/photos/doll1-photo-grey.png,images/stimuli/words/doll.png,grey,images/backgrounds/vconly.png,,,,,,,,,,,,,,,,,,,,,,,,,,,,,,,,,,,,,,,,,,,,,,,,,,,,,,,,,,,,,,,,,,,,,,,,,,,,,,,,,,,,,,,,,,,,,,,,,,,,,,,,,,,,,,,,,,
,,,,,,,,,,,,,,,,,,,,,2019-11-22_09h27.37.994,Subjective Judgments for Photographic Stimuli --- 02,3.2.3,MacIntel,60,,,,,,,,,,,,,,,,0.400000095,hgdsf,[0.6677641369047619],[-0.2601450892857143],[1],[0],[0],[0.7170000076293945],"[""NamResp__Next""]",Fam_2,[0.057764136904761905],[-0.33679315476190474],[1],[0],[0],[0.13299989700317383],"[""Fam__2""]",1,0,1,0,1,0,1,0,44,0,1,43,images/stimuli/photos/anchor1-photo-grey.png,images/stimuli/words/anchor.png,grey,images/backgrounds/vconly.png,,,,,,,,,,,,,,,,,,,,,,,,,,,,,,,,,,,,,,,,,,,,,,,,,,,,,,,,,,,,,,,,,,,,,,,,,,,,,,,,,,,,,,,,,,,,,,,,,,,,,,,,,,,,,,,,,,
,,,,,,,,,,,,,,,,,,,,,2019-11-22_09h27.37.994,Subjective Judgments for Photographic Stimuli --- 02,3.2.3,MacIntel,60,,,,,,,,,,,,,,,,0.464999914,ter,[0.6740699404761905],[-0.2778050595238095],[1],[0],[0],[0.7319998741149902],"[""NamResp__Next""]",Fam_3,[0.14398809523809525],[-0.3339546130952381],[1],[0],[0],[0.25100016593933105],"[""Fam__3""]",1,0,1,0,1,0,1,0,44,41,1,43,images/stimuli/photos/spider1-photo-colour.png,images/stimuli/words/spider.png,colour,images/backgrounds/vccd1.png,,,,,,,,,,,,,,,,,,,,,,,,,,,,,,,,,,,,,,,,,,,,,,,,,,,,,,,,,,,,,,,,,,,,,,,,,,,,,,,,,,,,,,,,,,,,,,,,,,,,,,,,,,,,,,,,,,
,,,,,,,,,,,,,,,,,,,,,2019-11-22_09h27.37.994,Subjective Judgments for Photographic Stimuli --- 02,3.2.3,MacIntel,60,,,,,,,,,,,,,,,,0.434000015,htres,[0.6653608630952381],[-0.25100446428571427],[1],[0],[0],[0.6679999828338623],"[""NamResp__Next""]",Fam_3,[0.18416294642857142],[-0.33975446428571426],[1],[0],[0],[0.24900007247924805],"[""Fam__3""]",1,0,1,0,1,0,1,0,44,36,1,43,images/stimuli/photos/sheep1-photo-grey.png,images/stimuli/words/sheep.png,grey,images/backgrounds/vconly.png,,,,,,,,,,,,,,,,,,,,,,,,,,,,,,,,,,,,,,,,,,,,,,,,,,,,,,,,,,,,,,,,,,,,,,,,,,,,,,,,,,,,,,,,,,,,,,,,,,,,,,,,,,,,,,,,,,
,,,,,,,,,,,,,,,,,,,,,2019-11-22_09h27.37.994,Subjective Judgments for Photographic Stimuli --- 02,3.2.3,MacIntel,60,,,,,,,,,,,,,,,,0.513000011,htgf,[0.6854613095238096],[-0.2678311011904762],[1],[0],[0],[0.7130000591278076],"[""NamResp__Next""]",Fam_4,[0.30234002976190477],[-0.3528608630952381],[1],[0],[0],[0.18400001525878906],"[""Fam__4""]",1,0,1,0,1,0,1,0,44,25,1,43,images/stimuli/photos/lock1-photo-colour.png,images/stimuli/words/lock.png,colour,images/backgrounds/vccd1.png,,,,,,,,,,,,,,,,,,,,,,,,,,,,,,,,,,,,,,,,,,,,,,,,,,,,,,,,,,,,,,,,,,,,,,,,,,,,,,,,,,,,,,,,,,,,,,,,,,,,,,,,,,,,,,,,,,
,,,,,,,,,,,,,,,,,,,,,2019-11-22_09h27.37.994,Subjective Judgments for Photographic Stimuli --- 02,3.2.3,MacIntel,60,,,,,,,,,,,,,,,,0.382999897,rge,[0.6698660714285715],[-0.2733035714285714],[1],[0],[0],[0.6500000953674316],"[""NamResp__Next""]",Fam_5,[0.48265625],[-0.3256324404761905],[1],[0],[0],[0.1830000877380371],"[""Fam__5""]",1,0,1,0,1,0,1,0,44,38,1,43,images/stimuli/photos/snake1-photo-grey.png,images/stimuli/words/snake.png,grey,images/backgrounds/vconly.png,,,,,,,,,,,,,,,,,,,,,,,,,,,,,,,,,,,,,,,,,,,,,,,,,,,,,,,,,,,,,,,,,,,,,,,,,,,,,,,,,,,,,,,,,,,,,,,,,,,,,,,,,,,,,,,,,,
,,,,,,,,,,,,,,,,,,,,,2019-11-22_09h27.37.994,Subjective Judgments for Photographic Stimuli --- 02,3.2.3,MacIntel,60,,,,,,,,,,,,,,,,0.351999998,trges,"[0.638686755952381,0.6593080357142858]","[-0.27271577380952383,-0.27271577380952383]","[1,1]","[0,0]","[0,0]","[0.5829999446868896,0.8340001106262207]","[""NamResp__Next""]",Fam_1,[-0.09496279761904762],[-0.3481361607142857],[1],[0],[0],[0.2669999599456787],"[""Fam__1""]",1,0,1,0,1,0,1,0,44,27,1,43,images/stimuli/photos/needle1-photo-colour.png,images/stimuli/words/needle.png,colour,images/backgrounds/vccd1.png,,,,,,,,,,,,,,,,,,,,,,,,,,,,,,,,,,,,,,,,,,,,,,,,,,,,,,,,,,,,,,,,,,,,,,,,,,,,,,,,,,,,,,,,,,,,,,,,,,,,,,,,,,,,,,,,,,
,,,,,,,,,,,,,,,,,,,,,2019-11-22_09h27.37.994,Subjective Judgments for Photographic Stimuli --- 02,3.2.3,MacIntel,60,,,,,,,,,,,,,,,,0.381000042,rhtdge,[0.6977864583333333],[-0.24730282738095238],[1],[0],[0],[0.7150001525878906],"[""NamResp__Next""]",Fam_2,"[0.014211309523809524,0.018567708333333332]","[-0.3071391369047619,-0.32371279761904764]","[1,1]","[0,0]","[0,0]","[0.2999999523162842,0.4830000400543213]","[""Fam__2""]",1,0,1,0,1,0,1,0,44,10,1,43,images/stimuli/photos/clock1-photo-grey.png,images/stimuli/words/clock.png,grey,images/backgrounds/vconly.png,,,,,,,,,,,,,,,,,,,,,,,,,,,,,,,,,,,,,,,,,,,,,,,,,,,,,,,,,,,,,,,,,,,,,,,,,,,,,,,,,,,,,,,,,,,,,,,,,,,,,,,,,,,,,,,,,,
,,,,,,,,,,,,,,,,,,,,,2019-11-22_09h27.37.994,Subjective Judgments for Photographic Stimuli --- 02,3.2.3,MacIntel,60,,,,,,,,,,,,,,,,0.465999842,rtegt,"[0.6710825892857143,0.6725855654761905]","[-0.24303943452380952,-0.2544903273809524]","[1,1]","[0,0]","[0,0]","[0.75,0.9819998741149902]","[""NamResp__Next""]",Fam_3,[0.1885565476190476],[-0.3388095238095238],[1],[0],[0],[0.19900012016296387],"[""Fam__3""]",1,0,1,0,1,0,1,0,44,26,1,43,images/stimuli/photos/nail1-photo-colour.png,images/stimuli/words/nail.png,colour,images/backgrounds/vccd1.png,,,,,,,,,,,,,,,,,,,,,,,,,,,,,,,,,,,,,,,,,,,,,,,,,,,,,,,,,,,,,,,,,,,,,,,,,,,,,,,,,,,,,,,,,,,,,,,,,,,,,,,,,,,,,,,,,,
,,,,,,,,,,,,,,,,,,,,,2019-11-22_09h27.37.994,Subjective Judgments for Photographic Stimuli --- 02,3.2.3,MacIntel,60,,,,,,,,,,,,,,,,0.432999849,hrdg,[0.6650595238095238],[-0.25722098214285716],[1],[0],[0],[0.7179999351501465],"[""NamResp__Next""]",Fam_4,[0.3756994047619048],[-0.32063988095238094],[1],[0],[0],[0.1830000877380371],"[""Fam__4""]",1,0,1,0,1,0,1,0,44,15,1,43,images/stimuli/photos/frog1-photo-grey.png,images/stimuli/words/frog.png,grey,images/backgrounds/vconly.png,,,,,,,,,,,,,,,,,,,,,,,,,,,,,,,,,,,,,,,,,,,,,,,,,,,,,,,,,,,,,,,,,,,,,,,,,,,,,,,,,,,,,,,,,,,,,,,,,,,,,,,,,,,,,,,,,,
,,,,,,,,,,,,,,,,,,,,,2019-11-22_09h27.37.994,Subjective Judgments for Photographic Stimuli --- 02,3.2.3,MacIntel,60,,,,,,,,,,,,,,,,0.465999842,htegse,[0.6584709821428572],[-0.2738802083333333],[1],[0],[0],[0.6149997711181641],"[""NamResp__Next""]",Fam_5,[0.4898251488095238],[-0.3455171130952381],[1],[0],[0],[0.23099994659423828],"[""Fam__5""]",1,0,1,0,1,0,1,0,44,9,1,43,images/stimuli/photos/chicken1-photo-colour.png,images/stimuli/words/chicken.png,colour,images/backgrounds/vccd1.png,,,,,,,,,,,,,,,,,,,,,,,,,,,,,,,,,,,,,,,,,,,,,,,,,,,,,,,,,,,,,,,,,,,,,,,,,,,,,,,,,,,,,,,,,,,,,,,,,,,,,,,,,,,,,,,,,,
,,,,,,,,,,,,,,,,,,,,,2019-11-22_09h27.37.994,Subjective Judgments for Photographic Stimuli --- 02,3.2.3,MacIntel,60,,,,,,,,,,,,,,,,0.481999874,tgetr,[0.6659895833333334],[-0.2511793154761905],[1],[0],[0],[0.7319998741149902],"[""NamResp__Next""]",Fam_1,[-0.09269345238095238],[-0.3297395833333333],[1],[0],[0],[0.4160001277923584],"[""Fam__1""]",1,0,1,0,1,0,1,0,44,42,1,43,images/stimuli/photos/swing1-photo-colour.png,images/stimuli/words/swing.png,colour,images/backgrounds/vccd1.png,,,,,,,,,,,,,,,,,,,,,,,,,,,,,,,,,,,,,,,,,,,,,,,,,,,,,,,,,,,,,,,,,,,,,,,,,,,,,,,,,,,,,,,,,,,,,,,,,,,,,,,,,,,,,,,,,,
,,,,,,,,,,,,,,,,,,,,,2019-11-22_09h27.37.994,Subjective Judgments for Photographic Stimuli --- 02,3.2.3,MacIntel,60,,,,,,,,,,,,,,,,0.651000023,thgs,[0.6698549107142857],[-0.2705133928571429],[1],[0],[0],[0.817000150680542],"[""NamResp__Next""]",Fam_2,[0.05933035714285714],[-0.33374255952380955],[1],[0],[0],[0.1979999542236328],"[""Fam__2""]",1,0,1,0,1,0,1,0,44,43,1,43,images/stimuli/photos/vest1-photo-grey.png,images/stimuli/words/vest.png,grey,images/backgrounds/vconly.png,,,,,,,,,,,,,,,,,,,,,,,,,,,,,,,,,,,,,,,,,,,,,,,,,,,,,,,,,,,,,,,,,,,,,,,,,,,,,,,,,,,,,,,,,,,,,,,,,,,,,,,,,,,,,,,,,,
,,,,,,,,,,,,,,,,,,,,,2019-11-22_09h27.37.994,Subjective Judgments for Photographic Stimuli --- 02,3.2.3,MacIntel,60,,,,,,,,,,,,,,,,0.714999914,trdgf,[0.6795200892857143],[-0.2663690476190476],[1],[0],[0],[1.1159999370574951],"[""NamResp__Next""]",Fam_3,[0.2128608630952381],[-0.34401041666666665],[1],[0],[0],[0.43199992179870605],"[""Fam__3""]",1,0,1,0,1,0,1,0,44,3,1,43,images/stimuli/photos/barrel1-photo-colour.png,images/stimuli/words/barrel.png,colour,images/backgrounds/vccd1.png,,,,,,,,,,,,,,,,,,,,,,,,,,,,,,,,,,,,,,,,,,,,,,,,,,,,,,,,,,,,,,,,,,,,,,,,,,,,,,,,,,,,,,,,,,,,,,,,,,,,,,,,,,,,,,,,,,
,,,,,,,,,,,,,,,,,,,,,2019-11-22_09h27.37.994,Subjective Judgments for Photographic Stimuli --- 02,3.2.3,MacIntel,60,,,,,,,,,,,,,,,,0.565000057,hrtdgfr,[0.6821242559523809],[-0.2554315476190476],[1],[0],[0],[0.7650001049041748],"[""NamResp__Next""]",Fam_4,[0.3547358630952381],[-0.3375037202380952],[1],[0],[0],[0.182999849319458],"[""Fam__4""]",1,0,1,0,1,0,1,0,44,2,1,43,images/stimuli/photos/ashtray1-photo-colour.png,images/stimuli/words/ashtray.png,colour,images/backgrounds/vccd1.png,,,,,,,,,,,,,,,,,,,,,,,,,,,,,,,,,,,,,,,,,,,,,,,,,,,,,,,,,,,,,,,,,,,,,,,,,,,,,,,,,,,,,,,,,,,,,,,,,,,,,,,,,,,,,,,,,,
,,,,,,,,,,,,,,,,,,,,,2019-11-22_09h27.37.994,Subjective Judgments for Photographic Stimuli --- 02,3.2.3,MacIntel,60,,,,,,,,,,,,,,,,0.430999994,htrgtr,[0.7085751488095238],[-0.26874255952380954],[1],[0],[0],[0.6809999942779541],"[""NamResp__Next""]",Fam_5,[0.5030505952380953],[-0.33703125],[1],[0],[0],[0.06700015068054199],"[""Fam__5""]",1,0,1,0,1,0,1,0,44,35,1,43,images/stimuli/photos/seal1-photo-grey.png,images/stimuli/words/seal.png,grey,images/backgrounds/vconly.png,,,,,,,,,,,,,,,,,,,,,,,,,,,,,,,,,,,,,,,,,,,,,,,,,,,,,,,,,,,,,,,,,,,,,,,,,,,,,,,,,,,,,,,,,,,,,,,,,,,,,,,,,,,,,,,,,,
,,,,,,,,,,,,,,,,,,,,,2019-11-22_09h27.37.994,Subjective Judgments for Photographic Stimuli --- 02,3.2.3,MacIntel,60,,,,,,,,,,,,,,,,0.399999857,rhfrt,[0.6460565476190476],[-0.2682738095238095],[1],[0],[0],[0.5820000171661377],"[""NamResp__Next""]",Fam_1,[-0.1445126488095238],[-0.33832961309523807],[1],[0],[0],[0.3320000171661377],"[""Fam__1""]",1,0,1,0,1,0,1,0,44,20,1,43,images/stimuli/photos/ladder1-photo-grey.png,images/stimuli/words/ladder.png,grey,images/backgrounds/vconly.png,,,,,,,,,,,,,,,,,,,,,,,,,,,,,,,,,,,,,,,,,,,,,,,,,,,,,,,,,,,,,,,,,,,,,,,,,,,,,,,,,,,,,,,,,,,,,,,,,,,,,,,,,,,,,,,,,,
,,,,,,,,,,,,,,,,,,,,,2019-11-22_09h27.37.994,Subjective Judgments for Photographic Stimuli --- 02,3.2.3,MacIntel,60,,,,,,,,,,,,,,,,0.430999994,trgds,[0.7170424107142858],[-0.26978050595238096],[1],[0],[0],[0.8810000419616699],"[""NamResp__Next""]",Fam_2,[0.04375],[-0.34175595238095235],[1],[0],[0],[0.40199995040893555],"[""Fam__2""]",1,0,1,0,1,0,1,0,44,11,1,43,images/stimuli/photos/crown1-photo-colour.png,images/stimuli/words/crown.png,colour,images/backgrounds/vccd1.png,,,,,,,,,,,,,,,,,,,,,,,,,,,,,,,,,,,,,,,,,,,,,,,,,,,,,,,,,,,,,,,,,,,,,,,,,,,,,,,,,,,,,,,,,,,,,,,,,,,,,,,,,,,,,,,,,,
,,,,,,,,,,,,,,,,,,,,,2019-11-22_09h27.37.994,Subjective Judgments for Photographic Stimuli --- 02,3.2.3,MacIntel,60,,,,,,,,,,,,,,,,0.499000072,htgw,[0.676015625],[-0.26431175595238093],[1],[0],[0],[0.7990000247955322],"[""NamResp__Next""]",Fam_3,"[0.20119791666666667,0.20119791666666667,0.20119791666666667]","[-0.3081808035714286,-0.30910714285714286,-0.3332291666666667]","[1,1,1]","[0,0,0]","[0,0,0]","[0.21399998664855957,0.5139999389648438,0.6469998359680176]","[""Fam__3""]",1,0,1,0,1,0,1,0,44,6,1,43,images/stimuli/photos/bottle1-photo-colour.png,images/stimuli/words/bottle.png,colour,images/backgrounds/vccd1.png,,,,,,,,,,,,,,,,,,,,,,,,,,,,,,,,,,,,,,,,,,,,,,,,,,,,,,,,,,,,,,,,,,,,,,,,,,,,,,,,,,,,,,,,,,,,,,,,,,,,,,,,,,,,,,,,,,
,,,,,,,,,,,,,,,,,,,,,2019-11-22_09h27.37.994,Subjective Judgments for Photographic Stimuli --- 02,3.2.3,MacIntel,60,,,,,,,,,,,,,,,,0.417999983,rtgf,[0.6664397321428571],[-0.2715997023809524],[1],[0],[0],[0.6010000705718994],"[""NamResp__Next""]",Fam_4,[0.32360119047619046],[-0.33610119047619047],[1],[0],[0],[0.15000009536743164],"[""Fam__4""]",1,0,1,0,1,0,1,0,44,39,1,43,images/stimuli/photos/snowman1-photo-grey.png,images/stimuli/words/snowman.png,grey,images/backgrounds/vconly.png,,,,,,,,,,,,,,,,,,,,,,,,,,,,,,,,,,,,,,,,,,,,,,,,,,,,,,,,,,,,,,,,,,,,,,,,,,,,,,,,,,,,,,,,,,,,,,,,,,,,,,,,,,,,,,,,,,
,,,,,,,,,,,,,,,,,,,,,2019-11-22_09h27.37.994,Subjective Judgments for Photographic Stimuli --- 02,3.2.3,MacIntel,60,,,,,,,,,,,,,,,,0.315999985,hrgef,[0.6754947916666667],[-0.2822842261904762],[1],[0],[0],[0.5820000171661377],"[""NamResp__Next""]",Fam_5,[0.4878608630952381],[-0.32946800595238096],[1],[0],[0],[0.19800019264221191],"[""Fam__5""]",1,0,1,0,1,0,1,0,44,31,1,43,images/stimuli/photos/pear1-photo-colour.png,images/stimuli/words/pear.png,colour,images/backgrounds/vccd1.png,,,,,,,,,,,,,,,,,,,,,,,,,,,,,,,,,,,,,,,,,,,,,,,,,,,,,,,,,,,,,,,,,,,,,,,,,,,,,,,,,,,,,,,,,,,,,,,,,,,,,,,,,,,,,,,,,,
,,,,,,,,,,,,,,,,,,,,,2019-11-22_09h27.37.994,Subjective Judgments for Photographic Stimuli --- 02,3.2.3,MacIntel,60,,,,,,,,,,,,,,,,0.450000048,hrtegt,[0.6925037202380953],[-0.2818266369047619],[1],[0],[0],[0.7309999465942383],"[""NamResp__Next""]",Fam_1,[-0.1329389880952381],[-0.3377418154761905],[1],[0],[0],[0.5510001182556152],"[""Fam__1""]",1,0,1,0,1,0,1,0,44,5,1,43,images/stimuli/photos/belt1-photo-grey.png,images/stimuli/words/belt.png,grey,images/backgrounds/vconly.png,,,,,,,,,,,,,,,,,,,,,,,,,,,,,,,,,,,,,,,,,,,,,,,,,,,,,,,,,,,,,,,,,,,,,,,,,,,,,,,,,,,,,,,,,,,,,,,,,,,,,,,,,,,,,,,,,,
,,,,,,,,,,,,,,,,,,,,,2019-11-22_09h27.37.994,Subjective Judgments for Photographic Stimuli --- 02,3.2.3,MacIntel,60,,,,,,,,,,,,,,,,0.367000103,hhrtg,[0.7016592261904762],[-0.26171502976190475],[1],[0],[0],[0.7839999198913574],"[""NamResp__Next""]",Fam_2,[0.01634672619047619],[-0.33337425595238096],[1],[0],[0],[0.33299994468688965],"[""Fam__2""]",1,0,1,0,1,0,1,0,44,21,1,43,images/stimuli/photos/lamp1-photo-colour.png,images/stimuli/words/lamp.png,colour,images/backgrounds/vccd1.png,,,,,,,,,,,,,,,,,,,,,,,,,,,,,,,,,,,,,,,,,,,,,,,,,,,,,,,,,,,,,,,,,,,,,,,,,,,,,,,,,,,,,,,,,,,,,,,,,,,,,,,,,,,,,,,,,,
,,,,,,,,,,,,,,,,,,,,,2019-11-22_09h27.37.994,Subjective Judgments for Photographic Stimuli --- 02,3.2.3,MacIntel,60,,,,,,,,,,,,,,,,0.483999968,hregfr,[0.6615066964285714],[-0.2649813988095238],[1],[0],[0],[0.682999849319458],"[""NamResp__Next""]",Fam_3,"[0.24205729166666667,0.18939732142857144]","[-0.3378980654761905,-0.3277120535714286]","[1,1]","[0,0]","[0,0]","[0.1660001277923584,0.6330001354217529]","[""Fam__3""]",1,0,1,0,1,0,1,0,44,24,1,43,images/stimuli/photos/lips1-photo-grey.png,images/stimuli/words/lips.png,grey,images/backgrounds/vconly.png,,,,,,,,,,,,,,,,,,,,,,,,,,,,,,,,,,,,,,,,,,,,,,,,,,,,,,,,,,,,,,,,,,,,,,,,,,,,,,,,,,,,,,,,,,,,,,,,,,,,,,,,,,,,,,,,,,
,,,,,,,,,,,,,,,,,,,,,2019-11-22_09h27.37.994,Subjective Judgments for Photographic Stimuli --- 02,3.2.3,MacIntel,60,,,,,,,,,,,,,,,,0.431999922,htgt,[0.6685863095238095],[-0.25155133928571427],[1],[0],[0],[0.7809998989105225],"[""NamResp__Next""]",Fam_4,[0.32423363095238095],[-0.34096354166666665],[1],[0],[0],[0.2839999198913574],"[""Fam__4""]",1,0,1,0,1,0,1,0,44,29,1,43,images/stimuli/photos/peach1-photo-grey.png,images/stimuli/words/peach.png,grey,images/backgrounds/vconly.png,,,,,,,,,,,,,,,,,,,,,,,,,,,,,,,,,,,,,,,,,,,,,,,,,,,,,,,,,,,,,,,,,,,,,,,,,,,,,,,,,,,,,,,,,,,,,,,,,,,,,,,,,,,,,,,,,,
,,,,,,,,,,,,,,,,,,,,,2019-11-22_09h27.37.994,Subjective Judgments for Photographic Stimuli --- 02,3.2.3,MacIntel,60,,,,,,,,,,,,,,,,0.465000153,edgxfr,[0.6691145833333333],[-0.2688392857142857],[1],[0],[0],[0.6820001602172852],"[""NamResp__Next""]",Fam_5,"[0.4804761904761905,0.469453125]","[-0.3592522321428571,-0.34205729166666665]","[1,1]","[0,0]","[0,0]","[0.20000004768371582,0.5829999446868896]","[""Fam__5""]",1,0,1,0,1,0,1,0,44,1,1,43,images/stimuli/photos/apple1-photo-colour.png,images/stimuli/words/apple.png,colour,images/backgrounds/vccd1.png,,,,,,,,,,,,,,,,,,,,,,,,,,,,,,,,,,,,,,,,,,,,,,,,,,,,,,,,,,,,,,,,,,,,,,,,,,,,,,,,,,,,,,,,,,,,,,,,,,,,,,,,,,,,,,,,,,
,,,,,,,,,,,,,,,,,,,,,2019-11-22_09h27.37.994,Subjective Judgments for Photographic Stimuli --- 02,3.2.3,MacIntel,60,,,,,,,,,,,,,,,,0.483999968,thrgetrw,[0.6972098214285715],[-0.2579427083333333],[1],[0],[0],[0.8840000629425049],"[""NamResp__Next""]",Fam_1,[-0.07461309523809524],[-0.33222098214285717],[1],[0],[0],[0.36999988555908203],"[""Fam__1""]",1,0,1,0,1,0,1,0,44,19,1,43,images/stimuli/photos/knife1-photo-colour.png,images/stimuli/words/knife.png,colour,images/backgrounds/vccd1.png,,,,,,,,,,,,,,,,,,,,,,,,,,,,,,,,,,,,,,,,,,,,,,,,,,,,,,,,,,,,,,,,,,,,,,,,,,,,,,,,,,,,,,,,,,,,,,,,,,,,,,,,,,,,,,,,,,
,,,,,,,,,,,,,,,,,,,,,2019-11-22_09h27.37.994,Subjective Judgments for Photographic Stimuli --- 02,3.2.3,MacIntel,60,,,,,,,,,,,,,,,,0.434000015,rhtgef,[0.6589769345238096],[-0.26510416666666664],[1],[0],[0],[0.6180000305175781],"[""NamResp__Next""]",Fam_2,[0.060323660714285715],[-0.3359002976190476],[1],[0],[0],[0.2330000400543213],"[""Fam__2""]",1,0,1,0,1,0,1,0,44,4,1,43,images/stimuli/photos/basket1-photo-colour.png,images/stimuli/words/basket.png,colour,images/backgrounds/vccd1.png,,,,,,,,,,,,,,,,,,,,,,,,,,,,,,,,,,,,,,,,,,,,,,,,,,,,,,,,,,,,,,,,,,,,,,,,,,,,,,,,,,,,,,,,,,,,,,,,,,,,,,,,,,,,,,,,,,
,,,,,,,,,,,,,,,,,,,,,2019-11-22_09h27.37.994,Subjective Judgments for Photographic Stimuli --- 02,3.2.3,MacIntel,60,,,,,,,,,,,,,,,,0.395999908,rhdgse,[0.6670721726190476],[-0.2793824404761905],[1],[0],[0],[0.5959999561309814],"[""NamResp__Next""]",Fam_3,[0.20563244047619048],[-0.35158482142857145],[1],[0],[0],[0.2840001583099365],"[""Fam__3""]",1,0,1,0,1,0,1,0,44,23,1,43,images/stimuli/photos/lion1-photo-grey.png,images/stimuli/words/lion.png,grey,images/backgrounds/vconly.png,,,,,,,,,,,,,,,,,,,,,,,,,,,,,,,,,,,,,,,,,,,,,,,,,,,,,,,,,,,,,,,,,,,,,,,,,,,,,,,,,,,,,,,,,,,,,,,,,,,,,,,,,,,,,,,,,,
,,,,,,,,,,,,,,,,,,,,,2019-11-22_09h27.37.994,Subjective Judgments for Photographic Stimuli --- 02,3.2.3,MacIntel,60,,,,,,,,,,,,,,,,0.549000025,rtdsefd,[0.6734635416666667],[-0.25257068452380954],[1],[0],[0],[0.7819998264312744],"[""NamResp__Next""]",Fam_4,[0.3154241071428571],[-0.34675223214285716],[1],[0],[0],[0.1659998893737793],"[""Fam__4""]",1,0,1,0,1,0,1,0,44,8,1,43,images/stimuli/photos/cannon1-photo-grey.png,images/stimuli/words/cannon.png,grey,images/backgrounds/vconly.png,,,,,,,,,,,,,,,,,,,,,,,,,,,,,,,,,,,,,,,,,,,,,,,,,,,,,,,,,,,,,,,,,,,,,,,,,,,,,,,,,,,,,,,,,,,,,,,,,,,,,,,,,,,,,,,,,,
,,,,,,,,,,,,,,,,,,,,,2019-11-22_09h27.37.994,Subjective Judgments for Photographic Stimuli --- 02,3.2.3,MacIntel,60,,,,,,,,,,,,,,,,0.415999889,trder,[0.6634821428571429],[-0.25769345238095237],[1],[0],[0],[0.6649999618530273],"[""NamResp__Next""]",Fam_5,[0.4918489583333333],[-0.32848958333333333],[1],[0],[0],[0.11700010299682617],"[""Fam__5""]",1,0,1,0,1,0,1,0,44,12,1,43,images/stimuli/photos/deer1-photo-grey.png,images/stimuli/words/deer.png,grey,images/backgrounds/vconly.png,,,,,,,,,,,,,,,,,,,,,,,,,,,,,,,,,,,,,,,,,,,,,,,,,,,,,,,,,,,,,,,,,,,,,,,,,,,,,,,,,,,,,,,,,,,,,,,,,,,,,,,,,,,,,,,,,,
,,,,,,,,,,,,,,,,,,,,,2019-11-22_09h27.37.994,Subjective Judgments for Photographic Stimuli --- 02,3.2.3,MacIntel,60,,,,,,,,,,,,,,,,0.433000088,htegtw,[0.6908854166666667],[-0.27383184523809523],[1],[0],[0],[0.7990000247955322],"[""NamResp__Next""]",Fam_1,[-0.09164806547619048],[-0.34697172619047617],[1],[0],[0],[0.26600003242492676],"[""Fam__1""]",1,0,1,0,1,0,1,0,44,18,1,43,images/stimuli/photos/kettle1-photo-colour.png,images/stimuli/words/kettle.png,colour,images/backgrounds/vccd1.png,,,,,,,,,,,,,,,,,,,,,,,,,,,,,,,,,,,,,,,,,,,,,,,,,,,,,,,,,,,,,,,,,,,,,,,,,,,,,,,,,,,,,,,,,,,,,,,,,,,,,,,,,,,,,,,,,,
,,,,,,,,,,,,,,,,,,,,,2019-11-22_09h27.37.994,Subjective Judgments for Photographic Stimuli --- 02,3.2.3,MacIntel,60,,,,,,,,,,,,,,,,0.448000193,htrdgset,[0.6630803571428572],[-0.2554427083333333],[1],[0],[0],[0.7160000801086426],"[""NamResp__Next""]",Fam_2,[0.02681547619047619],[-0.33409598214285713],[1],[0],[0],[0.18400001525878906],"[""Fam__2""]",1,0,1,0,1,0,1,0,44,33,1,43,images/stimuli/photos/rabbit1-photo-grey.png,images/stimuli/words/rabbit.png,grey,images/backgrounds/vconly.png,,,,,,,,,,,,,,,,,,,,,,,,,,,,,,,,,,,,,,,,,,,,,,,,,,,,,,,,,,,,,,,,,,,,,,,,,,,,,,,,,,,,,,,,,,,,,,,,,,,,,,,,,,,,,,,,,,
,,,,,,,,,,,,,,,,,,,,,2019-11-22_09h27.37.994,Subjective Judgments for Photographic Stimuli --- 02,3.2.3,MacIntel,60,,,,,,,,,,,,,,,,0.36500001,htgs,[0.6895349702380953],[-0.25625372023809523],[1],[0],[0],[0.6649999618530273],"[""NamResp__Next""]",Fam_3,[0.13702752976190477],[-0.3472879464285714],[1],[0],[0],[0.20099997520446777],"[""Fam__3""]",1,0,1,0,1,0,1,0,44,40,1,43,images/stimuli/photos/socks1-photo-grey.png,images/stimuli/words/socks.png,grey,images/backgrounds/vconly.png,,,,,,,,,,,,,,,,,,,,,,,,,,,,,,,,,,,,,,,,,,,,,,,,,,,,,,,,,,,,,,,,,,,,,,,,,,,,,,,,,,,,,,,,,,,,,,,,,,,,,,,,,,,,,,,,,,
,,,,,,,,,,,,,,,,,,,,,2019-11-22_09h27.37.994,Subjective Judgments for Photographic Stimuli --- 02,3.2.3,MacIntel,60,,,,,,,,,,,,,,,,,,,,,,,,,,,,,,,,,,,,,,,,,,,,,images/stimuli/photos/penguin1-photo-colour.png,images/stimuli/words/penguin.png,colour,images/backgrounds/vccd1.png,"[-0.0035416666666666665,-0.01201264880952381]","[0.24244791666666668,0.21443824404761905]","[1,1]","[0,0]","[0,0]","[1.1640000343322754,1.4300000667572021]","[""CompleteB1__Next""]",No,[0.07754836309523809],[-0.41063244047619046],[1],[0],[0],[1.5789999961853027],"[""B2VCCD__No""]","[-0.05986607142857143,0.6936867559523809]","[-0.43351190476190476,0.43634300595238096]","[1,1]","[0,0]","[0,0]","[2.2960000038146973,3.312999963760376]","[""B2VCCD__Begin""]",VisCom_1,[-0.16226934523809525],[-0.15995535714285714],[1],[0],[0],[1.440000057220459],"[""VisCom__1""]",ColDia_2,[0.050424107142857146],[-0.32059151785714285],[1],[0],[0],[1.0499999523162842],"[""ColDia__2""]",1,0,1,0,1,0,1,0,44,29,1,43,1,0,1,0,1,0,,,,,,,,,,,,,,,,,,,,,,,,,,,,,,,,,,,,,,,,,,,,,,,,,,,,,,,,,,
,,,,,,,,,,,,,,,,,,,,,2019-11-22_09h27.37.994,Subjective Judgments for Photographic Stimuli --- 02,3.2.3,MacIntel,60,,,,,,,,,,,,,,,,,,,,,,,,,,,,,,,,,,,,,,,,,,,,,images/stimuli/photos/penguin1-photo-colour.png,images/stimuli/words/penguin.png,colour,images/backgrounds/vccd1.png,,,,,,,,,,,,,,,,,,,,,,,,,,,,,,,,,,,,,,,1,0,1,0,1,0,1,0,44,29,1,43,,,,,,,,,,,,,,,,,,,,,,,,,,,,,,,,,,,,,,,,,,,,,,,,,,,,,,,,,,,,,,,,
,,,,,,,,,,,,,,,,,,,,,2019-11-22_09h27.37.994,Subjective Judgments for Photographic Stimuli --- 02,3.2.3,MacIntel,60,,,,,,,,,,,,,,,,,,,,,,,,,,,,,,,,,,,,,,,,,,,,,images/stimuli/photos/shirt1-photo-grey.png,images/stimuli/words/shirt.png,grey,images/backgrounds/vconly.png,,,,,,,,,,,,,,,,,,,,,,,VisCom_2,"[0.029631696428571427,0.028701636904761903]","[-0.17934895833333334,-0.14882440476190475]","[1,1]","[0,0]","[0,0]","[0.7980000972747803,1.249000072479248]","[""VisCom__2""]",,,,,,,,,1,0,1,0,1,0,1,0,44,33,1,43,,,,,,,,,,,,,,,,,,,,,,,,,,,,,,,,,,,,,,,,,,,,,,,,,,,,,,,,,,,,,,,,
,,,,,,,,,,,,,,,,,,,,,2019-11-22_09h27.37.994,Subjective Judgments for Photographic Stimuli --- 02,3.2.3,MacIntel,60,,,,,,,,,,,,,,,,,,,,,,,,,,,,,,,,,,,,,,,,,,,,,images/stimuli/photos/dresser1-photo-grey.png,images/stimuli/words/dresser.png,grey,images/backgrounds/vconly.png,,,,,,,,,,,,,,,,,,,,,,,VisCom_2,[0.028701636904761903],[-0.14882440476190475],[1],[0],[0],[0.5980000495910645],"[""VisCom__2""]",,,,,,,,,1,0,1,0,1,0,1,0,44,14,1,43,,,,,,,,,,,,,,,,,,,,,,,,,,,,,,,,,,,,,,,,,,,,,,,,,,,,,,,,,,,,,,,,
,,,,,,,,,,,,,,,,,,,,,2019-11-22_09h27.37.994,Subjective Judgments for Photographic Stimuli --- 02,3.2.3,MacIntel,60,,,,,,,,,,,,,,,,,,,,,,,,,,,,,,,,,,,,,,,,,,,,,images/stimuli/photos/chain1-photo-colour.png,images/stimuli/words/chain.png,colour,images/backgrounds/vccd1.png,,,,,,,,,,,,,,,,,,,,,,,VisCom_3,[0.1414732142857143],[-0.15204613095238095],[1],[0],[0],[0.6480000019073486],"[""VisCom__3""]",ColDia_1,[-0.1259672619047619],[-0.33011160714285714],[1],[0],[0],[0.2949998378753662],"[""ColDia__1""]",1,0,1,0,1,0,1,0,44,10,1,43,1,0,1,0,1,0,,,,,,,,,,,,,,,,,,,,,,,,,,,,,,,,,,,,,,,,,,,,,,,,,,,,,,,,,,
,,,,,,,,,,,,,,,,,,,,,2019-11-22_09h27.37.994,Subjective Judgments for Photographic Stimuli --- 02,3.2.3,MacIntel,60,,,,,,,,,,,,,,,,,,,,,,,,,,,,,,,,,,,,,,,,,,,,,images/stimuli/photos/chain1-photo-colour.png,images/stimuli/words/chain.png,colour,images/backgrounds/vccd1.png,,,,,,,,,,,,,,,,,,,,,,,,,,,,,,,,,,,,,,,1,0,1,0,1,0,1,0,44,10,1,43,,,,,,,,,,,,,,,,,,,,,,,,,,,,,,,,,,,,,,,,,,,,,,,,,,,,,,,,,,,,,,,,
,,,,,,,,,,,,,,,,,,,,,2019-11-22_09h27.37.994,Subjective Judgments for Photographic Stimuli --- 02,3.2.3,MacIntel,60,,,,,,,,,,,,,,,,,,,,,,,,,,,,,,,,,,,,,,,,,,,,,images/stimuli/photos/banana1-photo-grey.png,images/stimuli/words/banana.png,grey,images/backgrounds/vconly.png,,,,,,,,,,,,,,,,,,,,,,,VisCom_3,[0.19333705357142858],[-0.15564732142857143],[1],[0],[0],[0.44700002670288086],"[""VisCom__3""]",,,,,,,,,1,0,1,0,1,0,1,0,44,1,1,43,,,,,,,,,,,,,,,,,,,,,,,,,,,,,,,,,,,,,,,,,,,,,,,,,,,,,,,,,,,,,,,,
,,,,,,,,,,,,,,,,,,,,,2019-11-22_09h27.37.994,Subjective Judgments for Photographic Stimuli --- 02,3.2.3,MacIntel,60,,,,,,,,,,,,,,,,,,,,,,,,,,,,,,,,,,,,,,,,,,,,,images/stimuli/photos/book1-photo-grey.png,images/stimuli/words/book.png,grey,images/backgrounds/vconly.png,,,,,,,,,,,,,,,,,,,,,,,VisCom_4,[0.33903645833333335],[-0.1490327380952381],[1],[0],[0],[0.3489999771118164],"[""VisCom__4""]",,,,,,,,,1,0,1,0,1,0,1,0,44,5,1,43,,,,,,,,,,,,,,,,,,,,,,,,,,,,,,,,,,,,,,,,,,,,,,,,,,,,,,,,,,,,,,,,
,,,,,,,,,,,,,,,,,,,,,2019-11-22_09h27.37.994,Subjective Judgments for Photographic Stimuli --- 02,3.2.3,MacIntel,60,,,,,,,,,,,,,,,,,,,,,,,,,,,,,,,,,,,,,,,,,,,,,images/stimuli/photos/cloud1-photo-grey.png,images/stimuli/words/cloud.png,grey,images/backgrounds/vconly.png,,,,,,,,,,,,,,,,,,,,,,,VisCom_4,[0.33903645833333335],[-0.1490327380952381],[1],[0],[0],[0.44699978828430176],"[""VisCom__4""]",,,,,,,,,1,0,1,0,1,0,1,0,44,12,1,43,,,,,,,,,,,,,,,,,,,,,,,,,,,,,,,,,,,,,,,,,,,,,,,,,,,,,,,,,,,,,,,,
,,,,,,,,,,,,,,,,,,,,,2019-11-22_09h27.37.994,Subjective Judgments for Photographic Stimuli --- 02,3.2.3,MacIntel,60,,,,,,,,,,,,,,,,,,,,,,,,,,,,,,,,,,,,,,,,,,,,,images/stimuli/photos/guitar1-photo-grey.png,images/stimuli/words/guitar.png,grey,images/backgrounds/vconly.png,,,,,,,,,,,,,,,,,,,,,,,VisCom_4,[0.33903645833333335],[-0.1490327380952381],[1],[0],[0],[0.5149998664855957],"[""VisCom__4""]",,,,,,,,,1,0,1,0,1,0,1,0,44,20,1,43,,,,,,,,,,,,,,,,,,,,,,,,,,,,,,,,,,,,,,,,,,,,,,,,,,,,,,,,,,,,,,,,
,,,,,,,,,,,,,,,,,,,,,2019-11-22_09h27.37.994,Subjective Judgments for Photographic Stimuli --- 02,3.2.3,MacIntel,60,,,,,,,,,,,,,,,,,,,,,,,,,,,,,,,,,,,,,,,,,,,,,images/stimuli/photos/trumpet1-photo-grey.png,images/stimuli/words/trumpet.png,grey,images/backgrounds/vconly.png,,,,,,,,,,,,,,,,,,,,,,,VisCom_4,[0.33903645833333335],[-0.1490327380952381],[1],[0],[0],[0.3169999122619629],"[""VisCom__4""]",,,,,,,,,1,0,1,0,1,0,1,0,44,39,1,43,,,,,,,,,,,,,,,,,,,,,,,,,,,,,,,,,,,,,,,,,,,,,,,,,,,,,,,,,,,,,,,,
,,,,,,,,,,,,,,,,,,,,,2019-11-22_09h27.37.994,Subjective Judgments for Photographic Stimuli --- 02,3.2.3,MacIntel,60,,,,,,,,,,,,,,,,,,,,,,,,,,,,,,,,,,,,,,,,,,,,,images/stimuli/photos/candle1-photo-colour.png,images/stimuli/words/candle.png,colour,images/backgrounds/vccd1.png,,,,,,,,,,,,,,,,,,,,,,,VisCom_4,[0.33903645833333335],[-0.1490327380952381],[1],[0],[0],[0.4830000400543213],"[""VisCom__4""]",ColDia_4,"[0.34295386904761904,0.33391369047619046]","[-0.2838058035714286,-0.3270126488095238]","[1,1]","[0,0]","[0,0]","[0.24699997901916504,0.49699997901916504]","[""ColDia__4""]",1,0,1,0,1,0,1,0,44,8,1,43,1,0,1,0,1,0,,,,,,,,,,,,,,,,,,,,,,,,,,,,,,,,,,,,,,,,,,,,,,,,,,,,,,,,,,
,,,,,,,,,,,,,,,,,,,,,2019-11-22_09h27.37.994,Subjective Judgments for Photographic Stimuli --- 02,3.2.3,MacIntel,60,,,,,,,,,,,,,,,,,,,,,,,,,,,,,,,,,,,,,,,,,,,,,images/stimuli/photos/candle1-photo-colour.png,images/stimuli/words/candle.png,colour,images/backgrounds/vccd1.png,,,,,,,,,,,,,,,,,,,,,,,,,,,,,,,,,,,,,,,1,0,1,0,1,0,1,0,44,8,1,43,,,,,,,,,,,,,,,,,,,,,,,,,,,,,,,,,,,,,,,,,,,,,,,,,,,,,,,,,,,,,,,,
,,,,,,,,,,,,,,,,,,,,,2019-11-22_09h27.37.994,Subjective Judgments for Photographic Stimuli --- 02,3.2.3,MacIntel,60,,,,,,,,,,,,,,,,,,,,,,,,,,,,,,,,,,,,,,,,,,,,,images/stimuli/photos/camel1-photo-grey.png,images/stimuli/words/camel.png,grey,images/backgrounds/vconly.png,,,,,,,,,,,,,,,,,,,,,,,VisCom_4,"[0.3297767857142857,0.32050595238095236]","[-0.20693452380952382,-0.13869419642857142]","[1,1]","[0,0]","[0,0]","[0.4660000801086426,0.750999927520752]","[""VisCom__4""]",,,,,,,,,1,0,1,0,1,0,1,0,44,7,1,43,,,,,,,,,,,,,,,,,,,,,,,,,,,,,,,,,,,,,,,,,,,,,,,,,,,,,,,,,,,,,,,,
,,,,,,,,,,,,,,,,,,,,,2019-11-22_09h27.37.994,Subjective Judgments for Photographic Stimuli --- 02,3.2.3,MacIntel,60,,,,,,,,,,,,,,,,,,,,,,,,,,,,,,,,,,,,,,,,,,,,,images/stimuli/photos/tomato1-photo-colour.png,images/stimuli/words/tomato.png,colour,images/backgrounds/vccd1.png,,,,,,,,,,,,,,,,,,,,,,,VisCom_5,"[0.4728162202380952,0.11588169642857143,0.4752715773809524]","[-0.3313504464285714,-0.3091331845238095,-0.1723735119047619]","[1,1,1]","[0,0,0]","[0,0,0]","[0.6489999294281006,1.7999999523162842,2.5159997940063477]","[""VisCom__5""]",ColDia_2,"[-0.03826264880952381,0.05451636904761905]","[-0.3366889880952381,-0.3115736607142857]","[1,1]","[0,0]","[0,0]","[0.3819999694824219,0.8819999694824219]","[""ColDia__2""]",1,0,1,0,1,0,1,0,44,38,1,43,1,0,1,0,1,0,,,,,,,,,,,,,,,,,,,,,,,,,,,,,,,,,,,,,,,,,,,,,,,,,,,,,,,,,,
,,,,,,,,,,,,,,,,,,,,,2019-11-22_09h27.37.994,Subjective Judgments for Photographic Stimuli --- 02,3.2.3,MacIntel,60,,,,,,,,,,,,,,,,,,,,,,,,,,,,,,,,,,,,,,,,,,,,,images/stimuli/photos/tomato1-photo-colour.png,images/stimuli/words/tomato.png,colour,images/backgrounds/vccd1.png,,,,,,,,,,,,,,,,,,,,,,,,,,,,,,,,,,,,,,,1,0,1,0,1,0,1,0,44,38,1,43,,,,,,,,,,,,,,,,,,,,,,,,,,,,,,,,,,,,,,,,,,,,,,,,,,,,,,,,,,,,,,,,
,,,,,,,,,,,,,,,,,,,,,2019-11-22_09h27.37.994,Subjective Judgments for Photographic Stimuli --- 02,3.2.3,MacIntel,60,,,,,,,,,,,,,,,,,,,,,,,,,,,,,,,,,,,,,,,,,,,,,images/stimuli/photos/nose1-photo-colour.png,images/stimuli/words/nose.png,colour,images/backgrounds/vccd1.png,,,,,,,,,,,,,,,,,,,,,,,VisCom_3,[0.1784375],[-0.16082217261904763],[1],[0],[0],[0.33899998664855957],"[""VisCom__3""]",ColDia_3,[0.17050967261904762],[-0.32760416666666664],[1],[0],[0],[0.19700002670288086],"[""ColDia__3""]",1,0,1,0,1,0,1,0,44,27,1,43,1,0,1,0,1,0,,,,,,,,,,,,,,,,,,,,,,,,,,,,,,,,,,,,,,,,,,,,,,,,,,,,,,,,,,
,,,,,,,,,,,,,,,,,,,,,2019-11-22_09h27.37.994,Subjective Judgments for Photographic Stimuli --- 02,3.2.3,MacIntel,60,,,,,,,,,,,,,,,,,,,,,,,,,,,,,,,,,,,,,,,,,,,,,images/stimuli/photos/nose1-photo-colour.png,images/stimuli/words/nose.png,colour,images/backgrounds/vccd1.png,,,,,,,,,,,,,,,,,,,,,,,,,,,,,,,,,,,,,,,1,0,1,0,1,0,1,0,44,27,1,43,,,,,,,,,,,,,,,,,,,,,,,,,,,,,,,,,,,,,,,,,,,,,,,,,,,,,,,,,,,,,,,,
,,,,,,,,,,,,,,,,,,,,,2019-11-22_09h27.37.994,Subjective Judgments for Photographic Stimuli --- 02,3.2.3,MacIntel,60,,,,,,,,,,,,,,,,,,,,,,,,,,,,,,,,,,,,,,,,,,,,,images/stimuli/photos/harp1-photo-colour.png,images/stimuli/words/harp.png,colour,images/backgrounds/vccd1.png,,,,,,,,,,,,,,,,,,,,,,,VisCom_3,"[0.19613839285714285,0.19583333333333333]","[-0.12819196428571428,-0.14346354166666667]","[1,1]","[0,0]","[0,0]","[0.4809999465942383,0.8650000095367432]","[""VisCom__3""]",ColDia_4,[0.35069940476190475],[-0.3490438988095238],[1],[0],[0],[0.21199989318847656],"[""ColDia__4""]",1,0,1,0,1,0,1,0,44,22,1,43,1,0,1,0,1,0,,,,,,,,,,,,,,,,,,,,,,,,,,,,,,,,,,,,,,,,,,,,,,,,,,,,,,,,,,
,,,,,,,,,,,,,,,,,,,,,2019-11-22_09h27.37.994,Subjective Judgments for Photographic Stimuli --- 02,3.2.3,MacIntel,60,,,,,,,,,,,,,,,,,,,,,,,,,,,,,,,,,,,,,,,,,,,,,images/stimuli/photos/harp1-photo-colour.png,images/stimuli/words/harp.png,colour,images/backgrounds/vccd1.png,,,,,,,,,,,,,,,,,,,,,,,,,,,,,,,,,,,,,,,1,0,1,0,1,0,1,0,44,22,1,43,,,,,,,,,,,,,,,,,,,,,,,,,,,,,,,,,,,,,,,,,,,,,,,,,,,,,,,,,,,,,,,,
,,,,,,,,,,,,,,,,,,,,,2019-11-22_09h27.37.994,Subjective Judgments for Photographic Stimuli --- 02,3.2.3,MacIntel,60,,,,,,,,,,,,,,,,,,,,,,,,,,,,,,,,,,,,,,,,,,,,,images/stimuli/photos/bell1-photo-colour.png,images/stimuli/words/bell.png,colour,images/backgrounds/vccd1.png,,,,,,,,,,,,,,,,,,,,,,,VisCom_4,[0.3371837797619048],[-0.16885788690476192],[1],[0],[0],[0.6490001678466797],"[""VisCom__4""]",ColDia_1,[-0.10891741071428572],[-0.3414174107142857],[1],[0],[0],[0.2669999599456787],"[""ColDia__1""]",1,0,1,0,1,0,1,0,44,3,1,43,1,0,1,0,1,0,,,,,,,,,,,,,,,,,,,,,,,,,,,,,,,,,,,,,,,,,,,,,,,,,,,,,,,,,,
,,,,,,,,,,,,,,,,,,,,,2019-11-22_09h27.37.994,Subjective Judgments for Photographic Stimuli --- 02,3.2.3,MacIntel,60,,,,,,,,,,,,,,,,,,,,,,,,,,,,,,,,,,,,,,,,,,,,,images/stimuli/photos/bell1-photo-colour.png,images/stimuli/words/bell.png,colour,images/backgrounds/vccd1.png,,,,,,,,,,,,,,,,,,,,,,,,,,,,,,,,,,,,,,,1,0,1,0,1,0,1,0,44,3,1,43,,,,,,,,,,,,,,,,,,,,,,,,,,,,,,,,,,,,,,,,,,,,,,,,,,,,,,,,,,,,,,,,
,,,,,,,,,,,,,,,,,,,,,2019-11-22_09h27.37.994,Subjective Judgments for Photographic Stimuli --- 02,3.2.3,MacIntel,60,,,,,,,,,,,,,,,,,,,,,,,,,,,,,,,,,,,,,,,,,,,,,images/stimuli/photos/window1-photo-grey.png,images/stimuli/words/window.png,grey,images/backgrounds/vconly.png,,,,,,,,,,,,,,,,,,,,,,,VisCom_2,[0.03206845238095238],[-0.16782738095238095],[1],[0],[0],[0.931999921798706],"[""VisCom__2""]",,,,,,,,,1,0,1,0,1,0,1,0,44,43,1,43,,,,,,,,,,,,,,,,,,,,,,,,,,,,,,,,,,,,,,,,,,,,,,,,,,,,,,,,,,,,,,,,
,,,,,,,,,,,,,,,,,,,,,2019-11-22_09h27.37.994,Subjective Judgments for Photographic Stimuli --- 02,3.2.3,MacIntel,60,,,,,,,,,,,,,,,,,,,,,,,,,,,,,,,,,,,,,,,,,,,,,images/stimuli/photos/watch1-photo-grey.png,images/stimuli/words/watch.png,grey,images/backgrounds/vconly.png,,,,,,,,,,,,,,,,,,,,,,,VisCom_3,[0.2092299107142857],[-0.16330357142857144],[1],[0],[0],[1.249000072479248],"[""VisCom__3""]",,,,,,,,,1,0,1,0,1,0,1,0,44,41,1,43,,,,,,,,,,,,,,,,,,,,,,,,,,,,,,,,,,,,,,,,,,,,,,,,,,,,,,,,,,,,,,,,
,,,,,,,,,,,,,,,,,,,,,2019-11-22_09h27.37.994,Subjective Judgments for Photographic Stimuli --- 02,3.2.3,MacIntel,60,,,,,,,,,,,,,,,,,,,,,,,,,,,,,,,,,,,,,,,,,,,,,images/stimuli/photos/raccoon1-photo-colour.png,images/stimuli/words/raccoon.png,colour,images/backgrounds/vccd1.png,,,,,,,,,,,,,,,,,,,,,,,VisCom_3,[0.2092299107142857],[-0.16330357142857144],[1],[0],[0],[1.0989999771118164],"[""VisCom__3""]",ColDia_3,[0.16395089285714284],[-0.3440885416666667],[1],[0],[0],[0.6319999694824219],"[""ColDia__3""]",1,0,1,0,1,0,1,0,44,32,1,43,1,0,1,0,1,0,,,,,,,,,,,,,,,,,,,,,,,,,,,,,,,,,,,,,,,,,,,,,,,,,,,,,,,,,,
,,,,,,,,,,,,,,,,,,,,,2019-11-22_09h27.37.994,Subjective Judgments for Photographic Stimuli --- 02,3.2.3,MacIntel,60,,,,,,,,,,,,,,,,,,,,,,,,,,,,,,,,,,,,,,,,,,,,,images/stimuli/photos/raccoon1-photo-colour.png,images/stimuli/words/raccoon.png,colour,images/backgrounds/vccd1.png,,,,,,,,,,,,,,,,,,,,,,,,,,,,,,,,,,,,,,,1,0,1,0,1,0,1,0,44,32,1,43,,,,,,,,,,,,,,,,,,,,,,,,,,,,,,,,,,,,,,,,,,,,,,,,,,,,,,,,,,,,,,,,
,,,,,,,,,,,,,,,,,,,,,2019-11-22_09h27.37.994,Subjective Judgments for Photographic Stimuli --- 02,3.2.3,MacIntel,60,,,,,,,,,,,,,,,,,,,,,,,,,,,,,,,,,,,,,,,,,,,,,images/stimuli/photos/foot1-photo-grey.png,images/stimuli/words/foot.png,grey,images/backgrounds/vconly.png,,,,,,,,,,,,,,,,,,,,,,,VisCom_3,[0.2084188988095238],[-0.16488467261904763],[1],[0],[0],[1.1649999618530273],"[""VisCom__3""]",,,,,,,,,1,0,1,0,1,0,1,0,44,18,1,43,,,,,,,,,,,,,,,,,,,,,,,,,,,,,,,,,,,,,,,,,,,,,,,,,,,,,,,,,,,,,,,,
,,,,,,,,,,,,,,,,,,,,,2019-11-22_09h27.37.994,Subjective Judgments for Photographic Stimuli --- 02,3.2.3,MacIntel,60,,,,,,,,,,,,,,,,,,,,,,,,,,,,,,,,,,,,,,,,,,,,,images/stimuli/photos/cherry1-photo-grey.png,images/stimuli/words/cherry.png,grey,images/backgrounds/vconly.png,,,,,,,,,,,,,,,,,,,,,,,VisCom_4,[0.3667782738095238],[-0.1542261904761905],[1],[0],[0],[0.8470001220703125],"[""VisCom__4""]",,,,,,,,,1,0,1,0,1,0,1,0,44,11,1,43,,,,,,,,,,,,,,,,,,,,,,,,,,,,,,,,,,,,,,,,,,,,,,,,,,,,,,,,,,,,,,,,
,,,,,,,,,,,,,,,,,,,,,2019-11-22_09h27.37.994,Subjective Judgments for Photographic Stimuli --- 02,3.2.3,MacIntel,60,,,,,,,,,,,,,,,,,,,,,,,,,,,,,,,,,,,,,,,,,,,,,images/stimuli/photos/skirt1-photo-colour.png,images/stimuli/words/skirt.png,colour,images/backgrounds/vccd1.png,,,,,,,,,,,,,,,,,,,,,,,VisCom_4,[0.3667782738095238],[-0.1542261904761905],[1],[0],[0],[0.44700002670288086],"[""VisCom__4""]",ColDia_4,[0.3610453869047619],[-0.334296875],[1],[0],[0],[0.2799999713897705],"[""ColDia__4""]",1,0,1,0,1,0,1,0,44,34,1,43,1,0,1,0,1,0,,,,,,,,,,,,,,,,,,,,,,,,,,,,,,,,,,,,,,,,,,,,,,,,,,,,,,,,,,
,,,,,,,,,,,,,,,,,,,,,2019-11-22_09h27.37.994,Subjective Judgments for Photographic Stimuli --- 02,3.2.3,MacIntel,60,,,,,,,,,,,,,,,,,,,,,,,,,,,,,,,,,,,,,,,,,,,,,images/stimuli/photos/skirt1-photo-colour.png,images/stimuli/words/skirt.png,colour,images/backgrounds/vccd1.png,,,,,,,,,,,,,,,,,,,,,,,,,,,,,,,,,,,,,,,1,0,1,0,1,0,1,0,44,34,1,43,,,,,,,,,,,,,,,,,,,,,,,,,,,,,,,,,,,,,,,,,,,,,,,,,,,,,,,,,,,,,,,,
,,,,,,,,,,,,,,,,,,,,,2019-11-22_09h27.37.994,Subjective Judgments for Photographic Stimuli --- 02,3.2.3,MacIntel,60,,,,,,,,,,,,,,,,,,,,,,,,,,,,,,,,,,,,,,,,,,,,,images/stimuli/photos/thimble1-photo-colour.png,images/stimuli/words/thimble.png,colour,images/backgrounds/vccd1.png,,,,,,,,,,,,,,,,,,,,,,,VisCom_4,[0.3429315476190476],[-0.15546875],[1],[0],[0],[0.6480000019073486],"[""VisCom__4""]",ColDia_3,[0.15924107142857144],[-0.34697172619047617],[1],[0],[0],[0.26200008392333984],"[""ColDia__3""]",1,0,1,0,1,0,1,0,44,35,1,43,1,0,1,0,1,0,,,,,,,,,,,,,,,,,,,,,,,,,,,,,,,,,,,,,,,,,,,,,,,,,,,,,,,,,,
,,,,,,,,,,,,,,,,,,,,,2019-11-22_09h27.37.994,Subjective Judgments for Photographic Stimuli --- 02,3.2.3,MacIntel,60,,,,,,,,,,,,,,,,,,,,,,,,,,,,,,,,,,,,,,,,,,,,,images/stimuli/photos/thimble1-photo-colour.png,images/stimuli/words/thimble.png,colour,images/backgrounds/vccd1.png,,,,,,,,,,,,,,,,,,,,,,,,,,,,,,,,,,,,,,,1,0,1,0,1,0,1,0,44,35,1,43,,,,,,,,,,,,,,,,,,,,,,,,,,,,,,,,,,,,,,,,,,,,,,,,,,,,,,,,,,,,,,,,
,,,,,,,,,,,,,,,,,,,,,2019-11-22_09h27.37.994,Subjective Judgments for Photographic Stimuli --- 02,3.2.3,MacIntel,60,,,,,,,,,,,,,,,,,,,,,,,,,,,,,,,,,,,,,,,,,,,,,images/stimuli/photos/whistle1-photo-grey.png,images/stimuli/words/whistle.png,grey,images/backgrounds/vconly.png,,,,,,,,,,,,,,,,,,,,,,,VisCom_3,[0.1849144345238095],[-0.16297619047619047],[1],[0],[0],[0.36699986457824707],"[""VisCom__3""]",,,,,,,,,1,0,1,0,1,0,1,0,44,42,1,43,,,,,,,,,,,,,,,,,,,,,,,,,,,,,,,,,,,,,,,,,,,,,,,,,,,,,,,,,,,,,,,,
,,,,,,,,,,,,,,,,,,,,,2019-11-22_09h27.37.994,Subjective Judgments for Photographic Stimuli --- 02,3.2.3,MacIntel,60,,,,,,,,,,,,,,,,,,,,,,,,,,,,,,,,,,,,,,,,,,,,,images/stimuli/photos/flower1-photo-grey.png,images/stimuli/words/flower.png,grey,images/backgrounds/vconly.png,,,,,,,,,,,,,,,,,,,,,,,VisCom_3,[0.1849144345238095],[-0.16297619047619047],[1],[0],[0],[0.3320000171661377],"[""VisCom__3""]",,,,,,,,,1,0,1,0,1,0,1,0,44,16,1,43,,,,,,,,,,,,,,,,,,,,,,,,,,,,,,,,,,,,,,,,,,,,,,,,,,,,,,,,,,,,,,,,
,,,,,,,,,,,,,,,,,,,,,2019-11-22_09h27.37.994,Subjective Judgments for Photographic Stimuli --- 02,3.2.3,MacIntel,60,,,,,,,,,,,,,,,,,,,,,,,,,,,,,,,,,,,,,,,,,,,,,images/stimuli/photos/toaster1-photo-grey.png,images/stimuli/words/toaster.png,grey,images/backgrounds/vconly.png,,,,,,,,,,,,,,,,,,,,,,,VisCom_3,[0.1849144345238095],[-0.16297619047619047],[1],[0],[0],[0.34800004959106445],"[""VisCom__3""]",,,,,,,,,1,0,1,0,1,0,1,0,44,37,1,43,,,,,,,,,,,,,,,,,,,,,,,,,,,,,,,,,,,,,,,,,,,,,,,,,,,,,,,,,,,,,,,,
,,,,,,,,,,,,,,,,,,,,,2019-11-22_09h27.37.994,Subjective Judgments for Photographic Stimuli --- 02,3.2.3,MacIntel,60,,,,,,,,,,,,,,,,,,,,,,,,,,,,,,,,,,,,,,,,,,,,,images/stimuli/photos/door1-photo-colour.png,images/stimuli/words/door.png,colour,images/backgrounds/vccd1.png,,,,,,,,,,,,,,,,,,,,,,,VisCom_3,[0.1849144345238095],[-0.16297619047619047],[1],[0],[0],[0.2990000247955322],"[""VisCom__3""]",ColDia_2,[0.008816964285714286],[-0.3407514880952381],[1],[0],[0],[0.16499996185302734],"[""ColDia__2""]",1,0,1,0,1,0,1,0,44,13,1,43,1,0,1,0,1,0,,,,,,,,,,,,,,,,,,,,,,,,,,,,,,,,,,,,,,,,,,,,,,,,,,,,,,,,,,
,,,,,,,,,,,,,,,,,,,,,2019-11-22_09h27.37.994,Subjective Judgments for Photographic Stimuli --- 02,3.2.3,MacIntel,60,,,,,,,,,,,,,,,,,,,,,,,,,,,,,,,,,,,,,,,,,,,,,images/stimuli/photos/door1-photo-colour.png,images/stimuli/words/door.png,colour,images/backgrounds/vccd1.png,,,,,,,,,,,,,,,,,,,,,,,,,,,,,,,,,,,,,,,1,0,1,0,1,0,1,0,44,13,1,43,,,,,,,,,,,,,,,,,,,,,,,,,,,,,,,,,,,,,,,,,,,,,,,,,,,,,,,,,,,,,,,,
,,,,,,,,,,,,,,,,,,,,,2019-11-22_09h27.37.994,Subjective Judgments for Photographic Stimuli --- 02,3.2.3,MacIntel,60,,,,,,,,,,,,,,,,,,,,,,,,,,,,,,,,,,,,,,,,,,,,,images/stimuli/photos/turtle1-photo-grey.png,images/stimuli/words/turtle.png,grey,images/backgrounds/vconly.png,,,,,,,,,,,,,,,,,,,,,,,VisCom_2,[0.026796875],[-0.17359747023809524],[1],[0],[0],[0.38299989700317383],"[""VisCom__2""]",,,,,,,,,1,0,1,0,1,0,1,0,44,40,1,43,,,,,,,,,,,,,,,,,,,,,,,,,,,,,,,,,,,,,,,,,,,,,,,,,,,,,,,,,,,,,,,,
,,,,,,,,,,,,,,,,,,,,,2019-11-22_09h27.37.994,Subjective Judgments for Photographic Stimuli --- 02,3.2.3,MacIntel,60,,,,,,,,,,,,,,,,,,,,,,,,,,,,,,,,,,,,,,,,,,,,,images/stimuli/photos/moon1-photo-colour.png,images/stimuli/words/moon.png,colour,images/backgrounds/vccd1.png,,,,,,,,,,,,,,,,,,,,,,,VisCom_3,"[0.20026785714285714,0.1815141369047619]","[-0.18218005952380953,-0.14902529761904762]","[1,1]","[0,0]","[0,0]","[0.34800004959106445,0.6480000019073486]","[""VisCom__3""]",ColDia_4,[0.33613839285714286],[-0.3367857142857143],[1],[0],[0],[0.46700000762939453],"[""ColDia__4""]",1,0,1,0,1,0,1,0,44,26,1,43,1,0,1,0,1,0,,,,,,,,,,,,,,,,,,,,,,,,,,,,,,,,,,,,,,,,,,,,,,,,,,,,,,,,,,
,,,,,,,,,,,,,,,,,,,,,2019-11-22_09h27.37.994,Subjective Judgments for Photographic Stimuli --- 02,3.2.3,MacIntel,60,,,,,,,,,,,,,,,,,,,,,,,,,,,,,,,,,,,,,,,,,,,,,images/stimuli/photos/moon1-photo-colour.png,images/stimuli/words/moon.png,colour,images/backgrounds/vccd1.png,,,,,,,,,,,,,,,,,,,,,,,,,,,,,,,,,,,,,,,1,0,1,0,1,0,1,0,44,26,1,43,,,,,,,,,,,,,,,,,,,,,,,,,,,,,,,,,,,,,,,,,,,,,,,,,,,,,,,,,,,,,,,,
,,,,,,,,,,,,,,,,,,,,,2019-11-22_09h27.37.994,Subjective Judgments for Photographic Stimuli --- 02,3.2.3,MacIntel,60,,,,,,,,,,,,,,,,,,,,,,,,,,,,,,,,,,,,,,,,,,,,,images/stimuli/photos/grapes1-photo-colour.png,images/stimuli/words/grapes.png,colour,images/backgrounds/vccd1.png,,,,,,,,,,,,,,,,,,,,,,,VisCom_5,[0.5106212797619047],[-0.17357514880952382],[1],[0],[0],[4.083000183105469],"[""VisCom__5""]",ColDia_5,[0.484453125],[-0.31953125],[1],[0],[0],[1.4779999256134033],"[""ColDia__5""]",1,0,1,0,1,0,1,0,44,19,1,43,1,0,1,0,1,0,,,,,,,,,,,,,,,,,,,,,,,,,,,,,,,,,,,,,,,,,,,,,,,,,,,,,,,,,,
,,,,,,,,,,,,,,,,,,,,,2019-11-22_09h27.37.994,Subjective Judgments for Photographic Stimuli --- 02,3.2.3,MacIntel,60,,,,,,,,,,,,,,,,,,,,,,,,,,,,,,,,,,,,,,,,,,,,,images/stimuli/photos/grapes1-photo-colour.png,images/stimuli/words/grapes.png,colour,images/backgrounds/vccd1.png,,,,,,,,,,,,,,,,,,,,,,,,,,,,,,,,,,,,,,,1,0,1,0,1,0,1,0,44,19,1,43,,,,,,,,,,,,,,,,,,,,,,,,,,,,,,,,,,,,,,,,,,,,,,,,,,,,,,,,,,,,,,,,
,,,,,,,,,,,,,,,,,,,,,2019-11-22_09h27.37.994,Subjective Judgments for Photographic Stimuli --- 02,3.2.3,MacIntel,60,,,,,,,,,,,,,,,,,,,,,,,,,,,,,,,,,,,,,,,,,,,,,images/stimuli/photos/flute1-photo-colour.png,images/stimuli/words/flute.png,colour,images/backgrounds/vccd1.png,,,,,,,,,,,,,,,,,,,,,,,VisCom_4,"[0.484453125,0.3583184523809524]","[-0.3190736607142857,-0.14559523809523808]","[1,1]","[0,0]","[0,0]","[0.4140000343322754,0.8629999160766602]","[""VisCom__4""]",ColDia_4,"[0.36106026785714285,0.3606956845238095]","[-0.37222098214285715,-0.35135044642857144]","[1,1]","[0,0]","[0,0]","[0.06499981880187988,0.3469998836517334]","[""ColDia__4""]",1,0,1,0,1,0,1,0,44,17,1,43,1,0,1,0,1,0,,,,,,,,,,,,,,,,,,,,,,,,,,,,,,,,,,,,,,,,,,,,,,,,,,,,,,,,,,
,,,,,,,,,,,,,,,,,,,,,2019-11-22_09h27.37.994,Subjective Judgments for Photographic Stimuli --- 02,3.2.3,MacIntel,60,,,,,,,,,,,,,,,,,,,,,,,,,,,,,,,,,,,,,,,,,,,,,images/stimuli/photos/flute1-photo-colour.png,images/stimuli/words/flute.png,colour,images/backgrounds/vccd1.png,,,,,,,,,,,,,,,,,,,,,,,,,,,,,,,,,,,,,,,1,0,1,0,1,0,1,0,44,17,1,43,,,,,,,,,,,,,,,,,,,,,,,,,,,,,,,,,,,,,,,,,,,,,,,,,,,,,,,,,,,,,,,,
,,,,,,,,,,,,,,,,,,,,,2019-11-22_09h27.37.994,Subjective Judgments for Photographic Stimuli --- 02,3.2.3,MacIntel,60,,,,,,,,,,,,,,,,,,,,,,,,,,,,,,,,,,,,,,,,,,,,,images/stimuli/photos/eagle1-photo-colour.png,images/stimuli/words/eagle.png,colour,images/backgrounds/vccd1.png,,,,,,,,,,,,,,,,,,,,,,,VisCom_4,"[0.30486235119047617,0.3119828869047619]","[-0.18038690476190475,-0.15886904761904763]","[1,1]","[0,0]","[0,0]","[0.3990001678466797,0.75]","[""VisCom__4""]",ColDia_2,[0.014665178571428572],[-0.3356919642857143],[1],[0],[0],[0.11400008201599121],"[""ColDia__2""]",1,0,1,0,1,0,1,0,44,15,1,43,1,0,1,0,1,0,,,,,,,,,,,,,,,,,,,,,,,,,,,,,,,,,,,,,,,,,,,,,,,,,,,,,,,,,,
,,,,,,,,,,,,,,,,,,,,,2019-11-22_09h27.37.994,Subjective Judgments for Photographic Stimuli --- 02,3.2.3,MacIntel,60,,,,,,,,,,,,,,,,,,,,,,,,,,,,,,,,,,,,,,,,,,,,,images/stimuli/photos/eagle1-photo-colour.png,images/stimuli/words/eagle.png,colour,images/backgrounds/vccd1.png,,,,,,,,,,,,,,,,,,,,,,,,,,,,,,,,,,,,,,,1,0,1,0,1,0,1,0,44,15,1,43,,,,,,,,,,,,,,,,,,,,,,,,,,,,,,,,,,,,,,,,,,,,,,,,,,,,,,,,,,,,,,,,
,,,,,,,,,,,,,,,,,,,,,2019-11-22_09h27.37.994,Subjective Judgments for Photographic Stimuli --- 02,3.2.3,MacIntel,60,,,,,,,,,,,,,,,,,,,,,,,,,,,,,,,,,,,,,,,,,,,,,images/stimuli/photos/pitcher1-photo-grey.png,images/stimuli/words/pitcher.png,grey,images/backgrounds/vconly.png,,,,,,,,,,,,,,,,,,,,,,,VisCom_2,[0.035513392857142854],[-0.1354873511904762],[1],[0],[0],[0.5139999389648438],"[""VisCom__2""]",,,,,,,,,1,0,1,0,1,0,1,0,44,30,1,43,,,,,,,,,,,,,,,,,,,,,,,,,,,,,,,,,,,,,,,,,,,,,,,,,,,,,,,,,,,,,,,,
,,,,,,,,,,,,,,,,,,,,,2019-11-22_09h27.37.994,Subjective Judgments for Photographic Stimuli --- 02,3.2.3,MacIntel,60,,,,,,,,,,,,,,,,,,,,,,,,,,,,,,,,,,,,,,,,,,,,,images/stimuli/photos/beetle1-photo-colour.png,images/stimuli/words/beetle.png,colour,images/backgrounds/vccd1.png,,,,,,,,,,,,,,,,,,,,,,,VisCom_2,[0.034211309523809526],[-0.1427157738095238],[1],[0],[0],[0.49699997901916504],"[""VisCom__2""]",ColDia_1,[-0.1265141369047619],[-0.3340625],[1],[0],[0],[0.28299999237060547],"[""ColDia__1""]",1,0,1,0,1,0,1,0,44,2,1,43,1,0,1,0,1,0,,,,,,,,,,,,,,,,,,,,,,,,,,,,,,,,,,,,,,,,,,,,,,,,,,,,,,,,,,
,,,,,,,,,,,,,,,,,,,,,2019-11-22_09h27.37.994,Subjective Judgments for Photographic Stimuli --- 02,3.2.3,MacIntel,60,,,,,,,,,,,,,,,,,,,,,,,,,,,,,,,,,,,,,,,,,,,,,images/stimuli/photos/beetle1-photo-colour.png,images/stimuli/words/beetle.png,colour,images/backgrounds/vccd1.png,,,,,,,,,,,,,,,,,,,,,,,,,,,,,,,,,,,,,,,1,0,1,0,1,0,1,0,44,2,1,43,,,,,,,,,,,,,,,,,,,,,,,,,,,,,,,,,,,,,,,,,,,,,,,,,,,,,,,,,,,,,,,,
,,,,,,,,,,,,,,,,,,,,,2019-11-22_09h27.37.994,Subjective Judgments for Photographic Stimuli --- 02,3.2.3,MacIntel,60,,,,,,,,,,,,,,,,,,,,,,,,,,,,,,,,,,,,,,,,,,,,,images/stimuli/photos/balloon1-photo-colour.png,images/stimuli/words/balloon.png,colour,images/backgrounds/vccd1.png,,,,,,,,,,,,,,,,,,,,,,,VisCom_1,[-0.10373139880952381],[-0.13848214285714286],[1],[0],[0],[0.6489999294281006],"[""VisCom__1""]",ColDia_3,[0.15858630952380953],[-0.34339285714285717],[1],[0],[0],[0.14699983596801758],"[""ColDia__3""]",1,0,1,0,1,0,1,0,44,0,1,43,1,0,1,0,1,0,,,,,,,,,,,,,,,,,,,,,,,,,,,,,,,,,,,,,,,,,,,,,,,,,,,,,,,,,,
,,,,,,,,,,,,,,,,,,,,,2019-11-22_09h27.37.994,Subjective Judgments for Photographic Stimuli --- 02,3.2.3,MacIntel,60,,,,,,,,,,,,,,,,,,,,,,,,,,,,,,,,,,,,,,,,,,,,,images/stimuli/photos/balloon1-photo-colour.png,images/stimuli/words/balloon.png,colour,images/backgrounds/vccd1.png,,,,,,,,,,,,,,,,,,,,,,,,,,,,,,,,,,,,,,,1,0,1,0,1,0,1,0,44,0,1,43,,,,,,,,,,,,,,,,,,,,,,,,,,,,,,,,,,,,,,,,,,,,,,,,,,,,,,,,,,,,,,,,
,,,,,,,,,,,,,,,,,,,,,2019-11-22_09h27.37.994,Subjective Judgments for Photographic Stimuli --- 02,3.2.3,MacIntel,60,,,,,,,,,,,,,,,,,,,,,,,,,,,,,,,,,,,,,,,,,,,,,images/stimuli/photos/thumb1-photo-grey.png,images/stimuli/words/thumb.png,grey,images/backgrounds/vconly.png,,,,,,,,,,,,,,,,,,,,,,,VisCom_2,"[0.043828125,0.04232142857142857]","[-0.13166666666666665,-0.14057291666666666]","[1,1]","[0,0]","[0,0]","[0.6480000019073486,0.9629998207092285]","[""VisCom__2""]",,,,,,,,,1,0,1,0,1,0,1,0,44,36,1,43,,,,,,,,,,,,,,,,,,,,,,,,,,,,,,,,,,,,,,,,,,,,,,,,,,,,,,,,,,,,,,,,
,,,,,,,,,,,,,,,,,,,,,2019-11-22_09h27.37.994,Subjective Judgments for Photographic Stimuli --- 02,3.2.3,MacIntel,60,,,,,,,,,,,,,,,,,,,,,,,,,,,,,,,,,,,,,,,,,,,,,images/stimuli/photos/lobster1-photo-colour.png,images/stimuli/words/lobster.png,colour,images/backgrounds/vccd1.png,,,,,,,,,,,,,,,,,,,,,,,VisCom_2,[0.059025297619047616],[-0.145390625],[1],[0],[0],[0.4649999141693115],"[""VisCom__2""]",ColDia_2,"[0.01811011904761905,0.03596354166666667]","[-0.3562797619047619,-0.3314174107142857]","[1,1]","[0,0]","[0,0]","[0.6159999370574951,1.181999921798706]","[""ColDia__2""]",1,0,1,0,1,0,1,0,44,25,1,43,1,0,1,0,1,0,,,,,,,,,,,,,,,,,,,,,,,,,,,,,,,,,,,,,,,,,,,,,,,,,,,,,,,,,,
,,,,,,,,,,,,,,,,,,,,,2019-11-22_09h27.37.994,Subjective Judgments for Photographic Stimuli --- 02,3.2.3,MacIntel,60,,,,,,,,,,,,,,,,,,,,,,,,,,,,,,,,,,,,,,,,,,,,,images/stimuli/photos/lobster1-photo-colour.png,images/stimuli/words/lobster.png,colour,images/backgrounds/vccd1.png,,,,,,,,,,,,,,,,,,,,,,,,,,,,,,,,,,,,,,,1,0,1,0,1,0,1,0,44,25,1,43,,,,,,,,,,,,,,,,,,,,,,,,,,,,,,,,,,,,,,,,,,,,,,,,,,,,,,,,,,,,,,,,
,,,,,,,,,,,,,,,,,,,,,2019-11-22_09h27.37.994,Subjective Judgments for Photographic Stimuli --- 02,3.2.3,MacIntel,60,,,,,,,,,,,,,,,,,,,,,,,,,,,,,,,,,,,,,,,,,,,,,images/stimuli/photos/bicycle1-photo-grey.png,images/stimuli/words/bicycle.png,grey,images/backgrounds/vconly.png,,,,,,,,,,,,,,,,,,,,,,,VisCom_5,[0.4979389880952381],[-0.15833705357142858],[1],[0],[0],[3.062999963760376],"[""VisCom__5""]",,,,,,,,,1,0,1,0,1,0,1,0,44,4,1,43,,,,,,,,,,,,,,,,,,,,,,,,,,,,,,,,,,,,,,,,,,,,,,,,,,,,,,,,,,,,,,,,
,,,,,,,,,,,,,,,,,,,,,2019-11-22_09h27.37.994,Subjective Judgments for Photographic Stimuli --- 02,3.2.3,MacIntel,60,,,,,,,,,,,,,,,,,,,,,,,,,,,,,,,,,,,,,,,,,,,,,images/stimuli/photos/plug1-photo-grey.png,images/stimuli/words/plug.png,grey,images/backgrounds/vconly.png,,,,,,,,,,,,,,,,,,,,,,,VisCom_4,[0.34190848214285713],[-0.1569903273809524],[1],[0],[0],[5.296999931335449],"[""VisCom__4""]",,,,,,,,,1,0,1,0,1,0,1,0,44,31,1,43,,,,,,,,,,,,,,,,,,,,,,,,,,,,,,,,,,,,,,,,,,,,,,,,,,,,,,,,,,,,,,,,
,,,,,,,,,,,,,,,,,,,,,2019-11-22_09h27.37.994,Subjective Judgments for Photographic Stimuli --- 02,3.2.3,MacIntel,60,,,,,,,,,,,,,,,,,,,,,,,,,,,,,,,,,,,,,,,,,,,,,images/stimuli/photos/boot1-photo-grey.png,images/stimuli/words/boot.png,grey,images/backgrounds/vconly.png,,,,,,,,,,,,,,,,,,,,,,,VisCom_3,[0.19931919642857143],[-0.15678199404761906],[1],[0],[0],[0.9819998741149902],"[""VisCom__3""]",,,,,,,,,1,0,1,0,1,0,1,0,44,6,1,43,,,,,,,,,,,,,,,,,,,,,,,,,,,,,,,,,,,,,,,,,,,,,,,,,,,,,,,,,,,,,,,,
,,,,,,,,,,,,,,,,,,,,,2019-11-22_09h27.37.994,Subjective Judgments for Photographic Stimuli --- 02,3.2.3,MacIntel,60,,,,,,,,,,,,,,,,,,,,,,,,,,,,,,,,,,,,,,,,,,,,,images/stimuli/photos/kite1-photo-colour.png,images/stimuli/words/kite.png,colour,images/backgrounds/vccd1.png,,,,,,,,,,,,,,,,,,,,,,,VisCom_3,[0.19910342261904762],[-0.15699404761904762],[1],[0],[0],[0.49900007247924805],"[""VisCom__3""]",ColDia_2,[0.023311011904761904],[-0.3242113095238095],[1],[0],[0],[0.19700002670288086],"[""ColDia__2""]",1,0,1,0,1,0,1,0,44,24,1,43,1,0,1,0,1,0,,,,,,,,,,,,,,,,,,,,,,,,,,,,,,,,,,,,,,,,,,,,,,,,,,,,,,,,,,
,,,,,,,,,,,,,,,,,,,,,2019-11-22_09h27.37.994,Subjective Judgments for Photographic Stimuli --- 02,3.2.3,MacIntel,60,,,,,,,,,,,,,,,,,,,,,,,,,,,,,,,,,,,,,,,,,,,,,images/stimuli/photos/kite1-photo-colour.png,images/stimuli/words/kite.png,colour,images/backgrounds/vccd1.png,,,,,,,,,,,,,,,,,,,,,,,,,,,,,,,,,,,,,,,1,0,1,0,1,0,1,0,44,24,1,43,,,,,,,,,,,,,,,,,,,,,,,,,,,,,,,,,,,,,,,,,,,,,,,,,,,,,,,,,,,,,,,,
,,,,,,,,,,,,,,,,,,,,,2019-11-22_09h27.37.994,Subjective Judgments for Photographic Stimuli --- 02,3.2.3,MacIntel,60,,,,,,,,,,,,,,,,,,,,,,,,,,,,,,,,,,,,,,,,,,,,,images/stimuli/photos/onion1-photo-colour.png,images/stimuli/words/onion.png,colour,images/backgrounds/vccd1.png,,,,,,,,,,,,,,,,,,,,,,,VisCom_2,[0.02623139880952381],[-0.16449032738095237],[1],[0],[0],[0.5320000648498535],"[""VisCom__2""]",ColDia_1,"[-0.13097470238095238,-0.13097470238095238]","[-0.3605766369047619,-0.3466294642857143]","[1,1]","[0,0]","[0,0]","[0.24699997901916504,0.5139999389648438]","[""ColDia__1""]",1,0,1,0,1,0,1,0,44,28,1,43,1,0,1,0,1,0,,,,,,,,,,,,,,,,,,,,,,,,,,,,,,,,,,,,,,,,,,,,,,,,,,,,,,,,,,
,,,,,,,,,,,,,,,,,,,,,2019-11-22_09h27.37.994,Subjective Judgments for Photographic Stimuli --- 02,3.2.3,MacIntel,60,,,,,,,,,,,,,,,,,,,,,,,,,,,,,,,,,,,,,,,,,,,,,images/stimuli/photos/onion1-photo-colour.png,images/stimuli/words/onion.png,colour,images/backgrounds/vccd1.png,,,,,,,,,,,,,,,,,,,,,,,,,,,,,,,,,,,,,,,1,0,1,0,1,0,1,0,44,28,1,43,,,,,,,,,,,,,,,,,,,,,,,,,,,,,,,,,,,,,,,,,,,,,,,,,,,,,,,,,,,,,,,,
,,,,,,,,,,,,,,,,,,,,,2019-11-22_09h27.37.994,Subjective Judgments for Photographic Stimuli --- 02,3.2.3,MacIntel,60,,,,,,,,,,,,,,,,,,,,,,,,,,,,,,,,,,,,,,,,,,,,,images/stimuli/photos/hammer1-photo-colour.png,images/stimuli/words/hammer.png,colour,images/backgrounds/vccd1.png,,,,,,,,,,,,,,,,,,,,,,,VisCom_1,[-0.09578497023809524],[-0.16379092261904762],[1],[0],[0],[0.3320000171661377],"[""VisCom__1""]",ColDia_3,[0.19619419642857142],[-0.3430877976190476],[1],[0],[0],[0.22999978065490723],"[""ColDia__3""]",1,0,1,0,1,0,1,0,44,21,1,43,1,0,1,0,1,0,,,,,,,,,,,,,,,,,,,,,,,,,,,,,,,,,,,,,,,,,,,,,,,,,,,,,,,,,,
,,,,,,,,,,,,,,,,,,,,,2019-11-22_09h27.37.994,Subjective Judgments for Photographic Stimuli --- 02,3.2.3,MacIntel,60,,,,,,,,,,,,,,,,,,,,,,,,,,,,,,,,,,,,,,,,,,,,,images/stimuli/photos/hammer1-photo-colour.png,images/stimuli/words/hammer.png,colour,images/backgrounds/vccd1.png,,,,,,,,,,,,,,,,,,,,,,,,,,,,,,,,,,,,,,,1,0,1,0,1,0,1,0,44,21,1,43,,,,,,,,,,,,,,,,,,,,,,,,,,,,,,,,,,,,,,,,,,,,,,,,,,,,,,,,,,,,,,,,
,,,,,,,,,,,,,,,,,,,,,2019-11-22_09h27.37.994,Subjective Judgments for Photographic Stimuli --- 02,3.2.3,MacIntel,60,,,,,,,,,,,,,,,,,,,,,,,,,,,,,,,,,,,,,,,,,,,,,images/stimuli/photos/celery1-photo-colour.png,images/stimuli/words/celery.png,colour,images/backgrounds/vccd1.png,,,,,,,,,,,,,,,,,,,,,,,VisCom_3,[0.18633556547619048],[-0.173671875],[1],[0],[0],[0.4140000343322754],"[""VisCom__3""]",ColDia_3,[0.19350074404761905],[-0.32927083333333335],[1],[0],[0],[0.18200016021728516],"[""ColDia__3""]",1,0,1,0,1,0,1,0,44,9,1,43,1,0,1,0,1,0,,,,,,,,,,,,,,,,,,,,,,,,,,,,,,,,,,,,,,,,,,,,,,,,,,,,,,,,,,
,,,,,,,,,,,,,,,,,,,,,2019-11-22_09h27.37.994,Subjective Judgments for Photographic Stimuli --- 02,3.2.3,MacIntel,60,,,,,,,,,,,,,,,,,,,,,,,,,,,,,,,,,,,,,,,,,,,,,images/stimuli/photos/celery1-photo-colour.png,images/stimuli/words/celery.png,colour,images/backgrounds/vccd1.png,,,,,,,,,,,,,,,,,,,,,,,,,,,,,,,,,,,,,,,1,0,1,0,1,0,1,0,44,9,1,43,,,,,,,,,,,,,,,,,,,,,,,,,,,,,,,,,,,,,,,,,,,,,,,,,,,,,,,,,,,,,,,,
,,,,,,,,,,,,,,,,,,,,,2019-11-22_09h27.37.994,Subjective Judgments for Photographic Stimuli --- 02,3.2.3,MacIntel,60,,,,,,,,,,,,,,,,,,,,,,,,,,,,,,,,,,,,,,,,,,,,,images/stimuli/photos/jacket1-photo-grey.png,images/stimuli/words/jacket.png,grey,images/backgrounds/vconly.png,,,,,,,,,,,,,,,,,,,,,,,VisCom_3,[0.17178943452380951],[-0.13807291666666666],[1],[0],[0],[0.4809999465942383],"[""VisCom__3""]",,,,,,,,,1,0,1,0,1,0,1,0,44,23,1,43,,,,,,,,,,,,,,,,,,,,,,,,,,,,,,,,,,,,,,,,,,,,,,,,,,,,,,,,,,,,,,,,
,,,,,,,,,,,,,,,,,,,,,2019-11-22_09h27.37.994,Subjective Judgments for Photographic Stimuli --- 02,3.2.3,MacIntel,60,,,,,,,,,,,,,,,,,,,,,,,,,,,,,,,,,,,,,,,,,,,,,images/stimuli/photos/violin1-photo-colour.png,images/stimuli/words/violin.png,colour,images/backgrounds/vccd1.png,,,,,,,,,,,,,,,,,,,,,,,,,,,,,,,,,,,,,,,,,,,,,,,,,,,,,,,,,[0.011156994047619048],[0.19199032738095237],[1],[0],[0],[2.0329999923706055],"[""CompleteB2__Next""]",Yes,[-0.06582961309523809],[-0.41763392857142856],[1],[0],[0],[1.5460000038146973],"[""B3MenIma__Yes""]",[0.7245386904761905],[0.41884300595238094],[1],[0],[0],[2.6460001468658447],"[""B3MenIma__Begin""]",MenIma_1,[-0.10574032738095238],[-0.2565327380952381],[1],[0],[0],[1.1010000705718994],"[""MenIma__1""]",1,0,1,0,1,0,1,0,48,45,1,47,,,,,,,,,,,,,,,,
,,,,,,,,,,,,,,,,,,,,,2019-11-22_09h27.37.994,Subjective Judgments for Photographic Stimuli --- 02,3.2.3,MacIntel,60,,,,,,,,,,,,,,,,,,,,,,,,,,,,,,,,,,,,,,,,,,,,,images/stimuli/photos/zebra1-photo-grey.png,images/stimuli/words/zebra.png,grey,images/backgrounds/vconly.png,,,,,,,,,,,,,,,,,,,,,,,,,,,,,,,,,,,,,,,,,,,,,,,,,,,,,,,,,,,,,,,,,,,,,,,,,,,,,,,MenIma_2,[0.0558891369047619],[-0.26191220238095236],[1],[0],[0],[0.6989998817443848],"[""MenIma__2""]",1,0,1,0,1,0,1,0,48,47,1,47,,,,,,,,,,,,,,,,
,,,,,,,,,,,,,,,,,,,,,2019-11-22_09h27.37.994,Subjective Judgments for Photographic Stimuli --- 02,3.2.3,MacIntel,60,,,,,,,,,,,,,,,,,,,,,,,,,,,,,,,,,,,,,,,,,,,,,images/stimuli/photos/cake1-photo-colour.png,images/stimuli/words/cake.png,colour,images/backgrounds/vccd1.png,,,,,,,,,,,,,,,,,,,,,,,,,,,,,,,,,,,,,,,,,,,,,,,,,,,,,,,,,,,,,,,,,,,,,,,,,,,,,,,MenIma_3,[0.15281994047619046],[-0.2588578869047619],[1],[0],[0],[0.3689999580383301],"[""MenIma__3""]",1,0,1,0,1,0,1,0,48,5,1,47,,,,,,,,,,,,,,,,
,,,,,,,,,,,,,,,,,,,,,2019-11-22_09h27.37.994,Subjective Judgments for Photographic Stimuli --- 02,3.2.3,MacIntel,60,,,,,,,,,,,,,,,,,,,,,,,,,,,,,,,,,,,,,,,,,,,,,images/stimuli/photos/monkey1-photo-colour.png,images/stimuli/words/monkey.png,colour,images/backgrounds/vccd1.png,,,,,,,,,,,,,,,,,,,,,,,,,,,,,,,,,,,,,,,,,,,,,,,,,,,,,,,,,,,,,,,,,,,,,,,,,,,,,,,MenIma_4,[0.3435342261904762],[-0.2721354166666667],[1],[0],[0],[0.7339999675750732],"[""MenIma__4""]",1,0,1,0,1,0,1,0,48,24,1,47,,,,,,,,,,,,,,,,
,,,,,,,,,,,,,,,,,,,,,2019-11-22_09h27.37.994,Subjective Judgments for Photographic Stimuli --- 02,3.2.3,MacIntel,60,,,,,,,,,,,,,,,,,,,,,,,,,,,,,,,,,,,,,,,,,,,,,images/stimuli/photos/tiger1-photo-grey.png,images/stimuli/words/tiger.png,grey,images/backgrounds/vconly.png,,,,,,,,,,,,,,,,,,,,,,,,,,,,,,,,,,,,,,,,,,,,,,,,,,,,,,,,,,,,,,,,,,,,,,,,,,,,,,,MenIma_5,"[0.5014732142857142,0.48037574404761907]","[-0.28952008928571427,-0.2629389880952381]","[1,1]","[0,0]","[0,0]","[0.8499999046325684,1.2829999923706055]","[""MenIma__5""]",1,0,1,0,1,0,1,0,48,42,1,47,,,,,,,,,,,,,,,,
,,,,,,,,,,,,,,,,,,,,,2019-11-22_09h27.37.994,Subjective Judgments for Photographic Stimuli --- 02,3.2.3,MacIntel,60,,,,,,,,,,,,,,,,,,,,,,,,,,,,,,,,,,,,,,,,,,,,,images/stimuli/photos/ruler1-photo-colour.png,images/stimuli/words/ruler.png,colour,images/backgrounds/vccd1.png,,,,,,,,,,,,,,,,,,,,,,,,,,,,,,,,,,,,,,,,,,,,,,,,,,,,,,,,,,,,,,,,,,,,,,,,,,,,,,,MenIma_1,[-0.15405505952380952],[-0.267109375],[1],[0],[0],[1.7180001735687256],"[""MenIma__1""]",1,0,1,0,1,0,1,0,48,35,1,47,,,,,,,,,,,,,,,,
,,,,,,,,,,,,,,,,,,,,,2019-11-22_09h27.37.994,Subjective Judgments for Photographic Stimuli --- 02,3.2.3,MacIntel,60,,,,,,,,,,,,,,,,,,,,,,,,,,,,,,,,,,,,,,,,,,,,,images/stimuli/photos/fence1-photo-grey.png,images/stimuli/words/fence.png,grey,images/backgrounds/vconly.png,,,,,,,,,,,,,,,,,,,,,,,,,,,,,,,,,,,,,,,,,,,,,,,,,,,,,,,,,,,,,,,,,,,,,,,,,,,,,,,MenIma_2,[-0.002533482142857143],[-0.26446056547619046],[1],[0],[0],[1.4170000553131104],"[""MenIma__2""]",1,0,1,0,1,0,1,0,48,14,1,47,,,,,,,,,,,,,,,,
,,,,,,,,,,,,,,,,,,,,,2019-11-22_09h27.37.994,Subjective Judgments for Photographic Stimuli --- 02,3.2.3,MacIntel,60,,,,,,,,,,,,,,,,,,,,,,,,,,,,,,,,,,,,,,,,,,,,,images/stimuli/photos/comb1-photo-grey.png,images/stimuli/words/comb.png,grey,images/backgrounds/vconly.png,,,,,,,,,,,,,,,,,,,,,,,,,,,,,,,,,,,,,,,,,,,,,,,,,,,,,,,,,,,,,,,,,,,,,,,,,,,,,,,MenIma_2,[-0.002533482142857143],[-0.26446056547619046],[1],[0],[0],[1.499000072479248],"[""MenIma__2""]",1,0,1,0,1,0,1,0,48,9,1,47,,,,,,,,,,,,,,,,
,,,,,,,,,,,,,,,,,,,,,2019-11-22_09h27.37.994,Subjective Judgments for Photographic Stimuli --- 02,3.2.3,MacIntel,60,,,,,,,,,,,,,,,,,,,,,,,,,,,,,,,,,,,,,,,,,,,,,images/stimuli/photos/chisel1-photo-grey.png,images/stimuli/words/chisel.png,grey,images/backgrounds/vconly.png,,,,,,,,,,,,,,,,,,,,,,,,,,,,,,,,,,,,,,,,,,,,,,,,,,,,,,,,,,,,,,,,,,,,,,,,,,,,,,,MenIma_2,[-0.002533482142857143],[-0.26446056547619046],[1],[0],[0],[9.881999969482422],"[""MenIma__2""]",1,0,1,0,1,0,1,0,48,8,1,47,,,,,,,,,,,,,,,,
,,,,,,,,,,,,,,,,,,,,,2019-11-22_09h27.37.994,Subjective Judgments for Photographic Stimuli --- 02,3.2.3,MacIntel,60,,,,,,,,,,,,,,,,,,,,,,,,,,,,,,,,,,,,,,,,,,,,,images/stimuli/photos/well1-photo-colour.png,images/stimuli/words/well.png,colour,images/backgrounds/vccd1.png,,,,,,,,,,,,,,,,,,,,,,,,,,,,,,,,,,,,,,,,,,,,,,,,,,,,,,,,,,,,,,,,,,,,,,,,,,,,,,,MenIma_2,[-0.002533482142857143],[-0.26446056547619046],[1],[0],[0],[4.25],"[""MenIma__2""]",1,0,1,0,1,0,1,0,48,46,1,47,,,,,,,,,,,,,,,,
,,,,,,,,,,,,,,,,,,,,,2019-11-22_09h27.37.994,Subjective Judgments for Photographic Stimuli --- 02,3.2.3,MacIntel,60,,,,,,,,,,,,,,,,,,,,,,,,,,,,,,,,,,,,,,,,,,,,,images/stimuli/photos/donkey1-photo-grey.png,images/stimuli/words/donkey.png,grey,images/backgrounds/vconly.png,,,,,,,,,,,,,,,,,,,,,,,,,,,,,,,,,,,,,,,,,,,,,,,,,,,,,,,,,,,,,,,,,,,,,,,,,,,,,,,MenIma_4,"[0.2878199404761905,0.35018973214285715]","[-0.2564434523809524,-0.2667075892857143]","[1,1]","[0,0]","[0,0]","[8.400000095367432,9.450999975204468]","[""MenIma__4""]",1,0,1,0,1,0,1,0,48,11,1,47,,,,,,,,,,,,,,,,
,,,,,,,,,,,,,,,,,,,,,2019-11-22_09h27.37.994,Subjective Judgments for Photographic Stimuli --- 02,3.2.3,MacIntel,60,,,,,,,,,,,,,,,,,,,,,,,,,,,,,,,,,,,,,,,,,,,,,images/stimuli/photos/mitten1-photo-grey.png,images/stimuli/words/mitten.png,grey,images/backgrounds/vconly.png,,,,,,,,,,,,,,,,,,,,,,,,,,,,,,,,,,,,,,,,,,,,,,,,,,,,,,,,,,,,,,,,,,,,,,,,,,,,,,,MenIma_5,[0.48501116071428574],[-0.28003720238095237],[1],[0],[0],[0.6840000152587891],"[""MenIma__5""]",1,0,1,0,1,0,1,0,48,23,1,47,,,,,,,,,,,,,,,,
,,,,,,,,,,,,,,,,,,,,,2019-11-22_09h27.37.994,Subjective Judgments for Photographic Stimuli --- 02,3.2.3,MacIntel,60,,,,,,,,,,,,,,,,,,,,,,,,,,,,,,,,,,,,,,,,,,,,,images/stimuli/photos/brush1-photo-colour.png,images/stimuli/words/brush.png,colour,images/backgrounds/vccd1.png,,,,,,,,,,,,,,,,,,,,,,,,,,,,,,,,,,,,,,,,,,,,,,,,,,,,,,,,,,,,,,,,,,,,,,,,,,,,,,,MenIma_1,[-0.1231547619047619],[-0.25034598214285714],[1],[0],[0],[5.4679999351501465],"[""MenIma__1""]",1,0,1,0,1,0,1,0,48,4,1,47,,,,,,,,,,,,,,,,
,,,,,,,,,,,,,,,,,,,,,2019-11-22_09h27.37.994,Subjective Judgments for Photographic Stimuli --- 02,3.2.3,MacIntel,60,,,,,,,,,,,,,,,,,,,,,,,,,,,,,,,,,,,,,,,,,,,,,images/stimuli/photos/bread1-photo-grey.png,images/stimuli/words/bread.png,grey,images/backgrounds/vconly.png,,,,,,,,,,,,,,,,,,,,,,,,,,,,,,,,,,,,,,,,,,,,,,,,,,,,,,,,,,,,,,,,,,,,,,,,,,,,,,,MenIma_2,[0.029345238095238094],[-0.2560751488095238],[1],[0],[0],[1.8670001029968262],"[""MenIma__2""]",1,0,1,0,1,0,1,0,48,2,1,47,,,,,,,,,,,,,,,,
,,,,,,,,,,,,,,,,,,,,,2019-11-22_09h27.37.994,Subjective Judgments for Photographic Stimuli --- 02,3.2.3,MacIntel,60,,,,,,,,,,,,,,,,,,,,,,,,,,,,,,,,,,,,,,,,,,,,,images/stimuli/photos/giraffe1-photo-colour.png,images/stimuli/words/giraffe.png,colour,images/backgrounds/vccd1.png,,,,,,,,,,,,,,,,,,,,,,,,,,,,,,,,,,,,,,,,,,,,,,,,,,,,,,,,,,,,,,,,,,,,,,,,,,,,,,,MenIma_3,[0.17494791666666668],[-0.2538318452380952],[1],[0],[0],[1.1339998245239258],"[""MenIma__3""]",1,0,1,0,1,0,1,0,48,17,1,47,,,,,,,,,,,,,,,,
,,,,,,,,,,,,,,,,,,,,,2019-11-22_09h27.37.994,Subjective Judgments for Photographic Stimuli --- 02,3.2.3,MacIntel,60,,,,,,,,,,,,,,,,,,,,,,,,,,,,,,,,,,,,,,,,,,,,,images/stimuli/photos/spoon1-photo-colour.png,images/stimuli/words/spoon.png,colour,images/backgrounds/vccd1.png,,,,,,,,,,,,,,,,,,,,,,,,,,,,,,,,,,,,,,,,,,,,,,,,,,,,,,,,,,,,,,,,,,,,,,,,,,,,,,,MenIma_4,[0.35510416666666667],[-0.258515625],[1],[0],[0],[5.818000078201294],"[""MenIma__4""]",1,0,1,0,1,0,1,0,48,38,1,47,,,,,,,,,,,,,,,,
,,,,,,,,,,,,,,,,,,,,,2019-11-22_09h27.37.994,Subjective Judgments for Photographic Stimuli --- 02,3.2.3,MacIntel,60,,,,,,,,,,,,,,,,,,,,,,,,,,,,,,,,,,,,,,,,,,,,,images/stimuli/photos/snail1-photo-grey.png,images/stimuli/words/snail.png,grey,images/backgrounds/vconly.png,,,,,,,,,,,,,,,,,,,,,,,,,,,,,,,,,,,,,,,,,,,,,,,,,,,,,,,,,,,,,,,,,,,,,,,,,,,,,,,MenIma_4,[0.35510416666666667],[-0.258515625],[1],[0],[0],[3.9830000400543213],"[""MenIma__4""]",1,0,1,0,1,0,1,0,48,37,1,47,,,,,,,,,,,,,,,,
,,,,,,,,,,,,,,,,,,,,,2019-11-22_09h27.37.994,Subjective Judgments for Photographic Stimuli --- 02,3.2.3,MacIntel,60,,,,,,,,,,,,,,,,,,,,,,,,,,,,,,,,,,,,,,,,,,,,,images/stimuli/photos/carrot1-photo-grey.png,images/stimuli/words/carrot.png,grey,images/backgrounds/vconly.png,,,,,,,,,,,,,,,,,,,,,,,,,,,,,,,,,,,,,,,,,,,,,,,,,,,,,,,,,,,,,,,,,,,,,,,,,,,,,,,MenIma_5,[0.4832254464285714],[-0.26391369047619045],[1],[0],[0],[1.1010000705718994],"[""MenIma__5""]",1,0,1,0,1,0,1,0,48,6,1,47,,,,,,,,,,,,,,,,
,,,,,,,,,,,,,,,,,,,,,2019-11-22_09h27.37.994,Subjective Judgments for Photographic Stimuli --- 02,3.2.3,MacIntel,60,,,,,,,,,,,,,,,,,,,,,,,,,,,,,,,,,,,,,,,,,,,,,images/stimuli/photos/peanut1-photo-colour.png,images/stimuli/words/peanut.png,colour,images/backgrounds/vccd1.png,,,,,,,,,,,,,,,,,,,,,,,,,,,,,,,,,,,,,,,,,,,,,,,,,,,,,,,,,,,,,,,,,,,,,,,,,,,,,,,MenIma_1,"[-0.07104910714285714,-0.10133184523809524]","[-0.27151041666666664,-0.25718377976190476]","[1,1]","[0,0]","[0,0]","[1.7819998264312744,2.200000047683716]","[""MenIma__1""]",1,0,1,0,1,0,1,0,48,27,1,47,,,,,,,,,,,,,,,,
,,,,,,,,,,,,,,,,,,,,,2019-11-22_09h27.37.994,Subjective Judgments for Photographic Stimuli --- 02,3.2.3,MacIntel,60,,,,,,,,,,,,,,,,,,,,,,,,,,,,,,,,,,,,,,,,,,,,,images/stimuli/photos/fish1-photo-colour.png,images/stimuli/words/fish.png,colour,images/backgrounds/vccd1.png,,,,,,,,,,,,,,,,,,,,,,,,,,,,,,,,,,,,,,,,,,,,,,,,,,,,,,,,,,,,,,,,,,,,,,,,,,,,,,,MenIma_2,[0.03873139880952381],[-0.2651897321428571],[1],[0],[0],[1.2660000324249268],"[""MenIma__2""]",1,0,1,0,1,0,1,0,48,15,1,47,,,,,,,,,,,,,,,,
,,,,,,,,,,,,,,,,,,,,,2019-11-22_09h27.37.994,Subjective Judgments for Photographic Stimuli --- 02,3.2.3,MacIntel,60,,,,,,,,,,,,,,,,,,,,,,,,,,,,,,,,,,,,,,,,,,,,,images/stimuli/photos/swan1-photo-colour.png,images/stimuli/words/swan.png,colour,images/backgrounds/vccd1.png,,,,,,,,,,,,,,,,,,,,,,,,,,,,,,,,,,,,,,,,,,,,,,,,,,,,,,,,,,,,,,,,,,,,,,,,,,,,,,,MenIma_3,"[0.09984375,0.1744456845238095]","[-0.2663690476190476,-0.2680580357142857]","[1,1]","[0,0]","[0,0]","[1.2009999752044678,1.4849998950958252]","[""MenIma__3""]",1,0,1,0,1,0,1,0,48,40,1,47,,,,,,,,,,,,,,,,
,,,,,,,,,,,,,,,,,,,,,2019-11-22_09h27.37.994,Subjective Judgments for Photographic Stimuli --- 02,3.2.3,MacIntel,60,,,,,,,,,,,,,,,,,,,,,,,,,,,,,,,,,,,,,,,,,,,,,images/stimuli/photos/corn1-photo-grey.png,images/stimuli/words/corn.png,grey,images/backgrounds/vconly.png,,,,,,,,,,,,,,,,,,,,,,,,,,,,,,,,,,,,,,,,,,,,,,,,,,,,,,,,,,,,,,,,,,,,,,,,,,,,,,,MenIma_4,[0.3556361607142857],[-0.26515625],[1],[0],[0],[1.3489999771118164],"[""MenIma__4""]",1,0,1,0,1,0,1,0,48,10,1,47,,,,,,,,,,,,,,,,
,,,,,,,,,,,,,,,,,,,,,2019-11-22_09h27.37.994,Subjective Judgments for Photographic Stimuli --- 02,3.2.3,MacIntel,60,,,,,,,,,,,,,,,,,,,,,,,,,,,,,,,,,,,,,,,,,,,,,images/stimuli/photos/mouse1-photo-grey.png,images/stimuli/words/mouse.png,grey,images/backgrounds/vconly.png,,,,,,,,,,,,,,,,,,,,,,,,,,,,,,,,,,,,,,,,,,,,,,,,,,,,,,,,,,,,,,,,,,,,,,,,,,,,,,,MenIma_5,[0.464985119047619],[-0.2660044642857143],[1],[0],[0],[0.8499999046325684],"[""MenIma__5""]",1,0,1,0,1,0,1,0,48,25,1,47,,,,,,,,,,,,,,,,
,,,,,,,,,,,,,,,,,,,,,2019-11-22_09h27.37.994,Subjective Judgments for Photographic Stimuli --- 02,3.2.3,MacIntel,60,,,,,,,,,,,,,,,,,,,,,,,,,,,,,,,,,,,,,,,,,,,,,images/stimuli/photos/pliers1-photo-grey.png,images/stimuli/words/pliers.png,grey,images/backgrounds/vconly.png,,,,,,,,,,,,,,,,,,,,,,,,,,,,,,,,,,,,,,,,,,,,,,,,,,,,,,,,,,,,,,,,,,,,,,,,,,,,,,,MenIma_1,[-0.14817708333333332],[-0.2565550595238095],[1],[0],[0],[0.815000057220459],"[""MenIma__1""]",1,0,1,0,1,0,1,0,48,32,1,47,,,,,,,,,,,,,,,,
,,,,,,,,,,,,,,,,,,,,,2019-11-22_09h27.37.994,Subjective Judgments for Photographic Stimuli --- 02,3.2.3,MacIntel,60,,,,,,,,,,,,,,,,,,,,,,,,,,,,,,,,,,,,,,,,,,,,,images/stimuli/photos/pumpkin1-photo-grey.png,images/stimuli/words/pumpkin.png,grey,images/backgrounds/vconly.png,,,,,,,,,,,,,,,,,,,,,,,,,,,,,,,,,,,,,,,,,,,,,,,,,,,,,,,,,,,,,,,,,,,,,,,,,,,,,,,MenIma_2,[0.06832217261904762],[-0.2678050595238095],[1],[0],[0],[17.93400001525879],"[""MenIma__2""]",1,0,1,0,1,0,1,0,48,33,1,47,,,,,,,,,,,,,,,,
,,,,,,,,,,,,,,,,,,,,,2019-11-22_09h27.37.994,Subjective Judgments for Photographic Stimuli --- 02,3.2.3,MacIntel,60,,,,,,,,,,,,,,,,,,,,,,,,,,,,,,,,,,,,,,,,,,,,,images/stimuli/photos/orange1-photo-grey.png,images/stimuli/words/orange.png,grey,images/backgrounds/vconly.png,,,,,,,,,,,,,,,,,,,,,,,,,,,,,,,,,,,,,,,,,,,,,,,,,,,,,,,,,,,,,,,,,,,,,,,,,,,,,,,MenIma_3,[0.18981398809523808],[-0.28162202380952384],[1],[0],[0],[0.7330000400543213],"[""MenIma__3""]",1,0,1,0,1,0,1,0,48,26,1,47,,,,,,,,,,,,,,,,
,,,,,,,,,,,,,,,,,,,,,2019-11-22_09h27.37.994,Subjective Judgments for Photographic Stimuli --- 02,3.2.3,MacIntel,60,,,,,,,,,,,,,,,,,,,,,,,,,,,,,,,,,,,,,,,,,,,,,images/stimuli/photos/stool1-photo-grey.png,images/stimuli/words/stool.png,grey,images/backgrounds/vconly.png,,,,,,,,,,,,,,,,,,,,,,,,,,,,,,,,,,,,,,,,,,,,,,,,,,,,,,,,,,,,,,,,,,,,,,,,,,,,,,,MenIma_4,[0.30404017857142857],[-0.26734375],[1],[0],[0],[4.749000072479248],"[""MenIma__4""]",1,0,1,0,1,0,1,0,48,39,1,47,,,,,,,,,,,,,,,,
,,,,,,,,,,,,,,,,,,,,,2019-11-22_09h27.37.994,Subjective Judgments for Photographic Stimuli --- 02,3.2.3,MacIntel,60,,,,,,,,,,,,,,,,,,,,,,,,,,,,,,,,,,,,,,,,,,,,,images/stimuli/photos/goat1-photo-colour.png,images/stimuli/words/goat.png,colour,images/backgrounds/vccd1.png,,,,,,,,,,,,,,,,,,,,,,,,,,,,,,,,,,,,,,,,,,,,,,,,,,,,,,,,,,,,,,,,,,,,,,,,,,,,,,,MenIma_5,[0.4791592261904762],[-0.2789546130952381],[1],[0],[0],[7.598999977111816],"[""MenIma__5""]",1,0,1,0,1,0,1,0,48,19,1,47,,,,,,,,,,,,,,,,
,,,,,,,,,,,,,,,,,,,,,2019-11-22_09h27.37.994,Subjective Judgments for Photographic Stimuli --- 02,3.2.3,MacIntel,60,,,,,,,,,,,,,,,,,,,,,,,,,,,,,,,,,,,,,,,,,,,,,images/stimuli/photos/dress1-photo-grey.png,images/stimuli/words/dress.png,grey,images/backgrounds/vconly.png,,,,,,,,,,,,,,,,,,,,,,,,,,,,,,,,,,,,,,,,,,,,,,,,,,,,,,,,,,,,,,,,,,,,,,,,,,,,,,,MenIma_1,[-0.1042485119047619],[-0.24687872023809523],[1],[0],[0],[4.700999975204468],"[""MenIma__1""]",1,0,1,0,1,0,1,0,48,12,1,47,,,,,,,,,,,,,,,,
,,,,,,,,,,,,,,,,,,,,,2019-11-22_09h27.37.994,Subjective Judgments for Photographic Stimuli --- 02,3.2.3,MacIntel,60,,,,,,,,,,,,,,,,,,,,,,,,,,,,,,,,,,,,,,,,,,,,,images/stimuli/photos/glasses1-photo-colour.png,images/stimuli/words/glasses.png,colour,images/backgrounds/vccd1.png,,,,,,,,,,,,,,,,,,,,,,,,,,,,,,,,,,,,,,,,,,,,,,,,,,,,,,,,,,,,,,,,,,,,,,,,,,,,,,,MenIma_2,[0.0668452380952381],[-0.2656324404761905],[1],[0],[0],[3.2829999923706055],"[""MenIma__2""]",1,0,1,0,1,0,1,0,48,18,1,47,,,,,,,,,,,,,,,,
,,,,,,,,,,,,,,,,,,,,,2019-11-22_09h27.37.994,Subjective Judgments for Photographic Stimuli --- 02,3.2.3,MacIntel,60,,,,,,,,,,,,,,,,,,,,,,,,,,,,,,,,,,,,,,,,,,,,,images/stimuli/photos/broom1-photo-grey.png,images/stimuli/words/broom.png,grey,images/backgrounds/vconly.png,,,,,,,,,,,,,,,,,,,,,,,,,,,,,,,,,,,,,,,,,,,,,,,,,,,,,,,,,,,,,,,,,,,,,,,,,,,,,,,MenIma_3,[0.1699404761904762],[-0.2776748511904762],[1],[0],[0],[11.41700005531311],"[""MenIma__3""]",1,0,1,0,1,0,1,0,48,3,1,47,,,,,,,,,,,,,,,,
,,,,,,,,,,,,,,,,,,,,,2019-11-22_09h27.37.994,Subjective Judgments for Photographic Stimuli --- 02,3.2.3,MacIntel,60,,,,,,,,,,,,,,,,,,,,,,,,,,,,,,,,,,,,,,,,,,,,,images/stimuli/photos/chair1-photo-colour.png,images/stimuli/words/chair.png,colour,images/backgrounds/vccd1.png,,,,,,,,,,,,,,,,,,,,,,,,,,,,,,,,,,,,,,,,,,,,,,,,,,,,,,,,,,,,,,,,,,,,,,,,,,,,,,,MenIma_4,[0.371640625],[-0.2713764880952381],[1],[0],[0],[5.450000047683716],"[""MenIma__4""]",1,0,1,0,1,0,1,0,48,7,1,47,,,,,,,,,,,,,,,,
,,,,,,,,,,,,,,,,,,,,,2019-11-22_09h27.37.994,Subjective Judgments for Photographic Stimuli --- 02,3.2.3,MacIntel,60,,,,,,,,,,,,,,,,,,,,,,,,,,,,,,,,,,,,,,,,,,,,,images/stimuli/photos/pencil1-photo-colour.png,images/stimuli/words/pencil.png,colour,images/backgrounds/vccd1.png,,,,,,,,,,,,,,,,,,,,,,,,,,,,,,,,,,,,,,,,,,,,,,,,,,,,,,,,,,,,,,,,,,,,,,,,,,,,,,,MenIma_5,[0.45461309523809523],[-0.2652827380952381],[1],[0],[0],[8.318000078201294],"[""MenIma__5""]",1,0,1,0,1,0,1,0,48,28,1,47,,,,,,,,,,,,,,,,
,,,,,,,,,,,,,,,,,,,,,2019-11-22_09h27.37.994,Subjective Judgments for Photographic Stimuli --- 02,3.2.3,MacIntel,60,,,,,,,,,,,,,,,,,,,,,,,,,,,,,,,,,,,,,,,,,,,,,images/stimuli/photos/skunk1-photo-colour.png,images/stimuli/words/skunk.png,colour,images/backgrounds/vccd1.png,,,,,,,,,,,,,,,,,,,,,,,,,,,,,,,,,,,,,,,,,,,,,,,,,,,,,,,,,,,,,,,,,,,,,,,,,,,,,,,MenIma_5,[0.45461309523809523],[-0.2652827380952381],[1],[0],[0],[34.73199987411499],"[""MenIma__5""]",1,0,1,0,1,0,1,0,48,36,1,47,,,,,,,,,,,,,,,,
,,,,,,,,,,,,,,,,,,,,,2019-11-22_09h27.37.994,Subjective Judgments for Photographic Stimuli --- 02,3.2.3,MacIntel,60,,,,,,,,,,,,,,,,,,,,,,,,,,,,,,,,,,,,,,,,,,,,,images/stimuli/photos/horse1-photo-grey.png,images/stimuli/words/horse.png,grey,images/backgrounds/vconly.png,,,,,,,,,,,,,,,,,,,,,,,,,,,,,,,,,,,,,,,,,,,,,,,,,,,,,,,,,,,,,,,,,,,,,,,,,,,,,,,MenIma_1,[-0.1151264880952381],[-0.2774813988095238],[1],[0],[0],[1.8990001678466797],"[""MenIma__1""]",1,0,1,0,1,0,1,0,48,20,1,47,,,,,,,,,,,,,,,,
,,,,,,,,,,,,,,,,,,,,,2019-11-22_09h27.37.994,Subjective Judgments for Photographic Stimuli --- 02,3.2.3,MacIntel,60,,,,,,,,,,,,,,,,,,,,,,,,,,,,,,,,,,,,,,,,,,,,,images/stimuli/photos/tree1-photo-colour.png,images/stimuli/words/tree.png,colour,images/backgrounds/vccd1.png,,,,,,,,,,,,,,,,,,,,,,,,,,,,,,,,,,,,,,,,,,,,,,,,,,,,,,,,,,,,,,,,,,,,,,,,,,,,,,,MenIma_2,[0.033835565476190474],[-0.2711644345238095],[1],[0],[0],[3.7669999599456787],"[""MenIma__2""]",1,0,1,0,1,0,1,0,48,44,1,47,,,,,,,,,,,,,,,,
,,,,,,,,,,,,,,,,,,,,,2019-11-22_09h27.37.994,Subjective Judgments for Photographic Stimuli --- 02,3.2.3,MacIntel,60,,,,,,,,,,,,,,,,,,,,,,,,,,,,,,,,,,,,,,,,,,,,,images/stimuli/photos/pepper1-photo-grey.png,images/stimuli/words/pepper.png,grey,images/backgrounds/vconly.png,,,,,,,,,,,,,,,,,,,,,,,,,,,,,,,,,,,,,,,,,,,,,,,,,,,,,,,,,,,,,,,,,,,,,,,,,,,,,,,MenIma_4,[0.3363988095238095],[-0.26874255952380954],[1],[0],[0],[22.3989999294281],"[""MenIma__4""]",1,0,1,0,1,0,1,0,48,29,1,47,,,,,,,,,,,,,,,,
,,,,,,,,,,,,,,,,,,,,,2019-11-22_09h27.37.994,Subjective Judgments for Photographic Stimuli --- 02,3.2.3,MacIntel,60,,,,,,,,,,,,,,,,,,,,,,,,,,,,,,,,,,,,,,,,,,,,,images/stimuli/photos/flag1-photo-colour.png,images/stimuli/words/flag.png,colour,images/backgrounds/vccd1.png,,,,,,,,,,,,,,,,,,,,,,,,,,,,,,,,,,,,,,,,,,,,,,,,,,,,,,,,,,,,,,,,,,,,,,,,,,,,,,,MenIma_5,[0.5150669642857143],[-0.2500744047619048],[1],[0],[0],[5.333999872207642],"[""MenIma__5""]",1,0,1,0,1,0,1,0,48,16,1,47,,,,,,,,,,,,,,,,
,,,,,,,,,,,,,,,,,,,,,2019-11-22_09h27.37.994,Subjective Judgments for Photographic Stimuli --- 02,3.2.3,MacIntel,60,,,,,,,,,,,,,,,,,,,,,,,,,,,,,,,,,,,,,,,,,,,,,images/stimuli/photos/piano1-photo-colour.png,images/stimuli/words/piano.png,colour,images/backgrounds/vccd1.png,,,,,,,,,,,,,,,,,,,,,,,,,,,,,,,,,,,,,,,,,,,,,,,,,,,,,,,,,,,,,,,,,,,,,,,,,,,,,,,MenIma_1,[-0.09875],[-0.2619270833333333],[1],[0],[0],[7.283999919891357],"[""MenIma__1""]",1,0,1,0,1,0,1,0,48,30,1,47,,,,,,,,,,,,,,,,
,,,,,,,,,,,,,,,,,,,,,2019-11-22_09h27.37.994,Subjective Judgments for Photographic Stimuli --- 02,3.2.3,MacIntel,60,,,,,,,,,,,,,,,,,,,,,,,,,,,,,,,,,,,,,,,,,,,,,images/stimuli/photos/pipe1-photo-colour.png,images/stimuli/words/pipe.png,colour,images/backgrounds/vccd1.png,,,,,,,,,,,,,,,,,,,,,,,,,,,,,,,,,,,,,,,,,,,,,,,,,,,,,,,,,,,,,,,,,,,,,,,,,,,,,,,MenIma_2,[-0.009534970238095238],[-0.2731845238095238],[1],[0],[0],[2.451000213623047],"[""MenIma__2""]",1,0,1,0,1,0,1,0,48,31,1,47,,,,,,,,,,,,,,,,
,,,,,,,,,,,,,,,,,,,,,2019-11-22_09h27.37.994,Subjective Judgments for Photographic Stimuli --- 02,3.2.3,MacIntel,60,,,,,,,,,,,,,,,,,,,,,,,,,,,,,,,,,,,,,,,,,,,,,images/stimuli/photos/bowl1-photo-grey.png,images/stimuli/words/bowl.png,grey,images/backgrounds/vconly.png,,,,,,,,,,,,,,,,,,,,,,,,,,,,,,,,,,,,,,,,,,,,,,,,,,,,,,,,,,,,,,,,,,,,,,,,,,,,,,,MenIma_2,[-0.009534970238095238],[-0.2731845238095238],[1],[0],[0],[55.51600003242493],"[""MenIma__2""]",1,0,1,0,1,0,1,0,48,1,1,47,,,,,,,,,,,,,,,,
,,,,,,,,,,,,,,,,,,,,,2019-11-22_09h27.37.994,Subjective Judgments for Photographic Stimuli --- 02,3.2.3,MacIntel,60,,,,,,,,,,,,,,,,,,,,,,,,,,,,,,,,,,,,,,,,,,,,,images/stimuli/photos/lemon1-photo-colour.png,images/stimuli/words/lemon.png,colour,images/backgrounds/vccd1.png,,,,,,,,,,,,,,,,,,,,,,,,,,,,,,,,,,,,,,,,,,,,,,,,,,,,,,,,,,,,,,,,,,,,,,,,,,,,,,,MenIma_3,[0.18762276785714285],[-0.27146205357142855],[1],[0],[0],[0.8849999904632568],"[""MenIma__3""]",1,0,1,0,1,0,1,0,48,22,1,47,,,,,,,,,,,,,,,,
,,,,,,,,,,,,,,,,,,,,,2019-11-22_09h27.37.994,Subjective Judgments for Photographic Stimuli --- 02,3.2.3,MacIntel,60,,,,,,,,,,,,,,,,,,,,,,,,,,,,,,,,,,,,,,,,,,,,,images/stimuli/photos/bear1-photo-grey.png,images/stimuli/words/bear.png,grey,images/backgrounds/vconly.png,,,,,,,,,,,,,,,,,,,,,,,,,,,,,,,,,,,,,,,,,,,,,,,,,,,,,,,,,,,,,,,,,,,,,,,,,,,,,,,MenIma_3,[0.18762276785714285],[-0.27146205357142855],[1],[0],[0],[0.6510000228881836],"[""MenIma__3""]",1,0,1,0,1,0,1,0,48,0,1,47,,,,,,,,,,,,,,,,
,,,,,,,,,,,,,,,,,,,,,2019-11-22_09h27.37.994,Subjective Judgments for Photographic Stimuli --- 02,3.2.3,MacIntel,60,,,,,,,,,,,,,,,,,,,,,,,,,,,,,,,,,,,,,,,,,,,,,images/stimuli/photos/train1-photo-grey.png,images/stimuli/words/train.png,grey,images/backgrounds/vconly.png,,,,,,,,,,,,,,,,,,,,,,,,,,,,,,,,,,,,,,,,,,,,,,,,,,,,,,,,,,,,,,,,,,,,,,,,,,,,,,,MenIma_3,[0.18762276785714285],[-0.27146205357142855],[1],[0],[0],[0.3000001907348633],"[""MenIma__3""]",1,0,1,0,1,0,1,0,48,43,1,47,,,,,,,,,,,,,,,,
,,,,,,,,,,,,,,,,,,,,,2019-11-22_09h27.37.994,Subjective Judgments for Photographic Stimuli --- 02,3.2.3,MacIntel,60,,,,,,,,,,,,,,,,,,,,,,,,,,,,,,,,,,,,,,,,,,,,,images/stimuli/photos/house1-photo-colour.png,images/stimuli/words/house.png,colour,images/backgrounds/vccd1.png,,,,,,,,,,,,,,,,,,,,,,,,,,,,,,,,,,,,,,,,,,,,,,,,,,,,,,,,,,,,,,,,,,,,,,,,,,,,,,,MenIma_3,[0.18762276785714285],[-0.27146205357142855],[1],[0],[0],[1.25],"[""MenIma__3""]",1,0,1,0,1,0,1,0,48,21,1,47,,,,,,,,,,,,,,,,
,,,,,,,,,,,,,,,,,,,,,2019-11-22_09h27.37.994,Subjective Judgments for Photographic Stimuli --- 02,3.2.3,MacIntel,60,,,,,,,,,,,,,,,,,,,,,,,,,,,,,,,,,,,,,,,,,,,,,images/stimuli/photos/ring1-photo-colour.png,images/stimuli/words/ring.png,colour,images/backgrounds/vccd1.png,,,,,,,,,,,,,,,,,,,,,,,,,,,,,,,,,,,,,,,,,,,,,,,,,,,,,,,,,,,,,,,,,,,,,,,,,,,,,,,MenIma_3,[0.18762276785714285],[-0.27146205357142855],[1],[0],[0],[8.01800012588501],"[""MenIma__3""]",1,0,1,0,1,0,1,0,48,34,1,47,,,,,,,,,,,,,,,,
,,,,,,,,,,,,,,,,,,,,,2019-11-22_09h27.37.994,Subjective Judgments for Photographic Stimuli --- 02,3.2.3,MacIntel,60,,,,,,,,,,,,,,,,,,,,,,,,,,,,,,,,,,,,,,,,,,,,,images/stimuli/photos/duck1-photo-colour.png,images/stimuli/words/duck.png,colour,images/backgrounds/vccd1.png,,,,,,,,,,,,,,,,,,,,,,,,,,,,,,,,,,,,,,,,,,,,,,,,,,,,,,,,,,,,,,,,,,,,,,,,,,,,,,,MenIma_3,[0.18762276785714285],[-0.27146205357142855],[1],[0],[0],[8.58299994468689],"[""MenIma__3""]",1,0,1,0,1,0,1,0,48,13,1,47,,,,,,,,,,,,,,,,
,,,,,,,,,,,,,,,,,,,,,2019-11-22_09h27.37.994,Subjective Judgments for Photographic Stimuli --- 02,3.2.3,MacIntel,60,,,,,,,,,,,,,,,,,,,,,,,,,,,,,,,,,,,,,,,,,,,,,images/stimuli/photos/table1-photo-grey.png,images/stimuli/words/table.png,grey,images/backgrounds/vconly.png,,,,,,,,,,,,,,,,,,,,,,,,,,,,,,,,,,,,,,,,,,,,,,,,,,,,,,,,,,,,,,,,,,,,,,,,,,,,,,,MenIma_3,[0.18762276785714285],[-0.27146205357142855],[1],[0],[0],[13.684999942779541],"[""MenIma__3""]",1,0,1,0,1,0,1,0,48,41,1,47,,,,,,,,,,,,,,,,
,,,,,,,,,,,,,,,,,,,,,2019-11-22_09h27.37.994,Subjective Judgments for Photographic Stimuli --- 02,3.2.3,MacIntel,60,,,,,,,,,,,,,,,,,,,,,,,,,,,,,,,,,,,,,,,,,,,,,,,,,,,,,,,,,,,,,,,,,,,,,,,,,,,,,,,,,,,,,,,,,,,,,,,,,,,,,,,,,,,,,,,,,,,,,,,,,,,,,,,,,,,,,,,,,,,,,,,,,,,Yes,gbj,"[-0.08546502976190476,-0.2518452380952381]","[0.1665252976190476,0.12142485119047619]","[1,1]","[0,0]","[0,0]","[8.899999856948853,9.782999992370605]","[""Debrief__Yes""]",[0.4172061011904762],[0.26636532738095237],[1],[0],[0],[11.434000015258789],"[""Debrief__Submit""]"
